[
  {
    "lat": "43.5928315",
    "lng": "-90.1251408",
    "id": 9433581,
    "name": "88 Gear - Inside Hartjes",
    "phone": "1(888) 317-1269",
    "email": "support@88gear.com",
    "address": "S1428A HWY 33",
    "country": "USA",
    "state": "WI",
    "city": "LaValle",
    "postal": "53941",
    "priority": 1
  },
  {
    "lat": "51.055607",
    "lng": "-114.1174099",
    "id": 9433582,
    "name": "Abdominable Ski Shop",
    "phone": "403-283-1212",
    "address": "410 Crowchild Trail NW",
    "state": "AB",
    "city": "Calgary",
    "postal": "T2N4J6",
    "priority": 1
  },
  {
    "lat": "-43.5388117",
    "lng": "172.5596074",
    "id": 9433583,
    "name": "Action Water Sports",
    "phone": "643-943-5391",
    "email": "Daniel.Coutts@actionwatersports.co.nz",
    "address": "522 Blenheim Rd",
    "country": "New Zealand",
    "city": "Christchurch",
    "postal": "8240",
    "priority": 1
  },
  {
    "lat": "42.7234352",
    "lng": "-83.7662681",
    "id": 9433584,
    "name": "Action Water Sports of Fenton, Inc",
    "description": "MasterCraft, Cobalt and Crest Pontoon dealership with a large proshop stocked to help you with all of your water sports needs.  We have a e-commerce website at watersportsmarine.com as well as our store website.",
    "phone": "810-629-1342",
    "email": "lindsey@actionwater.com",
    "fax": "810-750-1780",
    "web": "http:\/\/actionwater.com",
    "webdisplay": "actionwater.com",
    "schedule": "M-F 9-6, Sat 9-3",
    "address": "8051 Old US-23",
    "country": "USA",
    "state": "MI",
    "city": "Fenton",
    "postal": "48430",
    "priority": 1
  },
  {
    "lat": "28.1666817",
    "lng": "-81.7767796",
    "id": 9433585,
    "name": "Action Watersports - FL",
    "phone": "(863) 576-2288",
    "email": "ANDREB@actionwater.com",
    "web": "https:\/\/www.actionwater.com\/central-florida\/",
    "address": "1251 HOLY COW RD.",
    "country": "USA",
    "state": "FL",
    "city": "Polk City",
    "postal": "33868",
    "priority": 1
  },
  {
    "lat": "33.407624",
    "lng": "-111.8594874",
    "id": 9433586,
    "name": "Action Watersports \/ AWS Boats",
    "phone": "480-844-5180",
    "email": "sales@actionrideco.com",
    "address": "1320 W. Broadway Rd.",
    "state": "AZ",
    "city": "Mesa",
    "postal": "85202",
    "priority": 1
  },
  {
    "lat": "39.8050502",
    "lng": "-104.9366038",
    "id": 9433587,
    "name": "Action Watersports Colorado",
    "phone": "(303) 390-1390",
    "address": "4404 E 60TH AVE.",
    "country": "USA",
    "state": "CO",
    "city": "COMMERCE CITY",
    "postal": "80022",
    "priority": 1
  },
  {
    "lat": "45.4884956",
    "lng": "-122.8007018",
    "id": 9433588,
    "name": "Active Water Sports",
    "phone": "503-643-5018",
    "address": "12050 SW Canyon Rd",
    "state": "OR",
    "city": "Beaverton",
    "postal": "97005",
    "priority": 1
  },
  {
    "lat": "51.5207719",
    "lng": "-0.6927077",
    "id": 9433589,
    "name": "Addicted Wake LTD",
    "phone": "503-643-5018",
    "email": "addictedwake@hotmail.com",
    "address": "Amerden Lane",
    "country": "UK",
    "city": "Taplow Lake",
    "postal": "SL6 0EA",
    "priority": 1
  },
  {
    "lat": "44.280386",
    "lng": "-73.98383",
    "id": 9433590,
    "name": "ADK Aquatics, INC",
    "phone": "(518) 524-9767",
    "email": "ADK.AQUATICS@YAHOO.COM",
    "address": "180 MCKINLEY STREET",
    "country": "USA",
    "state": "NY",
    "city": "LAKE PLACID",
    "postal": "12946",
    "priority": 1
  },
  {
    "lat": "34.1560629",
    "lng": "-83.9891823",
    "id": 9433591,
    "name": "Adrenaline Watersports",
    "phone": "770-674-6768",
    "email": "hello@adrenalinews.com",
    "web": "http:\/\/www.AdrenalineWS.com",
    "webdisplay": "www.AdrenalineWS.com",
    "address": "6080 Lanier Islands Pkwy",
    "country": "USA",
    "state": "GA",
    "city": "Buford",
    "postal": "30518",
    "priority": 1
  },
  {
    "lat": "19.1604327",
    "lng": "-100.1208194",
    "id": 9433592,
    "name": "Alahua",
    "phone": "5.22E+12",
    "email": "ARTURONELSON@ME.COM",
    "address": "AV. DEL CARMEN 19",
    "country": "Mexico",
    "state": "Mexico",
    "city": "VALLE DE BRAVO",
    "postal": "51200",
    "priority": 1
  },
  {
    "lat": "45.3273512",
    "lng": "-79.2164517",
    "id": 9433593,
    "name": "Algonquin Outfitters",
    "phone": "705-787-0262",
    "address": "86 Main Street East",
    "state": "ON",
    "city": "Huntsville",
    "postal": "P1H2C7",
    "priority": 1
  },
  {
    "lat": "37.7932077",
    "lng": "-97.3355755",
    "id": 9433594,
    "name": "All Elements Auto and Marine",
    "phone": "(316) 943-8444",
    "email": "OFFICE@ALLELEMENTSAUTO.COM",
    "address": "6024 N BROADWAY",
    "country": "USA",
    "state": "KS",
    "city": "Wichita",
    "postal": "67219",
    "priority": 1
  },
  {
    "lat": "49.6960653",
    "lng": "-112.8287243",
    "id": 9433595,
    "name": "Alpenland",
    "phone": "403-329-6099",
    "address": "1202 3rd Ave. S",
    "state": "AB",
    "city": "Lethbridge",
    "postal": "T1J0J9",
    "priority": 1
  },
  {
    "lat": "46.0634094",
    "lng": "-74.2997541",
    "id": 9433596,
    "name": "Aqua Sport Marine",
    "phone": "819-326-9998",
    "address": "201 Boul. Norbert-Morin",
    "state": "QC",
    "city": "Ste-Agathe Des Monts",
    "postal": "J0T1V0",
    "priority": 1
  },
  {
    "lat": "36.5316145",
    "lng": "-94.9763508",
    "id": 9433597,
    "name": "Arrowhead Yacht Club",
    "phone": "(918) 782-2628",
    "email": "JOEMARTIN2342@GMAIL.COM",
    "address": "32894 S 4507 RD",
    "country": "USA",
    "state": "OK",
    "city": "Afton",
    "postal": "74331",
    "priority": 1
  },
  {
    "lat": "50.281682",
    "lng": "-119.267893",
    "id": 9433598,
    "name": "Attridge Ski & Board",
    "phone": "250-542-1515",
    "email": "KYLE@ATTRIDGE.CA",
    "address": "2706 48 Avenue",
    "state": "BC",
    "city": "Vernon",
    "postal": "V1T3R4",
    "priority": 1
  },
  {
    "lat": "30.3511785",
    "lng": "-97.9635646",
    "id": 9433599,
    "name": "Austin Boats & Motors",
    "email": "KATIE@AUSTINBOATS.COM",
    "address": "1208 RR 620S",
    "country": "USA",
    "state": "TX",
    "city": "Austin",
    "postal": "78734",
    "priority": 1
  },
  {
    "lat": "50.4499437",
    "lng": "30.5948975",
    "id": 9433600,
    "name": "Awake Pro Shop",
    "phone": "3.81E+11",
    "address": "Str. Raisy Okipnoi 4 A",
    "address2": "FLZ.41",
    "city": "Kiev",
    "postal": "2002",
    "priority": 1
  },
  {
    "lat": "33.790868",
    "lng": "-84.3975795",
    "id": 9433601,
    "name": "Azul Zafiro",
    "phone": "(404) 886-9724",
    "email": "MATT@AZULAZAFIROLLC.COM",
    "address": "270 17TH ST NW, SUITE 1113",
    "country": "USA",
    "state": "GA",
    "city": "Atlanta",
    "postal": "30363",
    "priority": 1
  },
  {
    "lat": "47.5437365",
    "lng": "-122.0357051",
    "id": 9433602,
    "name": "Bakes Marine",
    "phone": "(425)392-7599",
    "email": "ANDREW@BAKESMARINE.COM",
    "address": "6424 E LAKE SAMMAMISH PKWY SE",
    "country": "USA",
    "state": "WA",
    "city": "Issaquah",
    "postal": "98029",
    "priority": 1
  },
  {
    "lat": "35.0300322",
    "lng": "-88.2317412",
    "id": 9433603,
    "name": "Barnes Marine",
    "phone": "(731) 689-1995",
    "email": "jason@barnes-marine.com",
    "address": "10080 Hwy 57",
    "state": "TN",
    "city": "Counce",
    "postal": "38326",
    "priority": 1
  },
  {
    "lat": "25.648305",
    "lng": "-100.3576351",
    "id": 9433604,
    "name": "Best Boats Mexico",
    "phone": "5.22E+12",
    "email": "AARON.MERINO.B@GMAIL.COM",
    "address": "CRISTAL 22 PISO 7",
    "country": "Mexico",
    "state": "Mexico",
    "city": "GARZA GARCIA",
    "postal": "66265",
    "priority": 1
  },
  {
    "lat": "44.0814881",
    "lng": "-103.2169051",
    "id": 9433605,
    "name": "BLACK HILLS OUTDOOR",
    "phone": "(605) 202-2400",
    "email": "BLACKHILLSOUTDOOR@GMAIL.COM",
    "address": "55 OMAHA",
    "country": "USA",
    "state": "SD",
    "city": "Rapid City",
    "postal": "57702",
    "priority": 1
  },
  {
    "lat": "44.0815759",
    "lng": "-103.2167877",
    "id": 9433606,
    "name": "Black Hills Outdoor",
    "phone": "605-202-2400",
    "email": "blackhillsoutdoor@gmail.com",
    "address": "55 Omaha St",
    "country": "USA",
    "state": "SD",
    "city": "Rapid City",
    "postal": "57701",
    "priority": 1
  },
  {
    "lat": "50.621844",
    "lng": "-118.721417",
    "id": 9433607,
    "name": "BLUE MOTION",
    "phone": "(250) 838-7478",
    "email": "BETH@BLUEMOTION.CA",
    "address": "75 STONEY ROAD",
    "state": "BC",
    "city": "ENDERBY",
    "postal": "V0E1V5",
    "priority": 1
  },
  {
    "lat": "32.350708",
    "lng": "34.871229",
    "id": 9433608,
    "name": "BLUE WAKE-WATERSPORT CLUB",
    "phone": "972506585452",
    "email": "or@bluewake.co.il",
    "address": "HAGDUD HAIVRY 75",
    "country": "Israel",
    "city": "MOSHAV AVICHAIL",
    "postal": "42910",
    "priority": 1
  },
  {
    "lat": "43.7118856",
    "lng": "-79.3603357",
    "id": 9433609,
    "name": "Boardsports",
    "phone": "1-800-665-9463",
    "email": "customerservice@boardsports.ca",
    "address": "105 Vanderhoof Ave.",
    "state": "ON",
    "city": "Toronto",
    "postal": "M4G 2H7",
    "priority": 1
  },
  {
    "lat": "30.4718683",
    "lng": "-97.6729892",
    "id": 9433610,
    "name": "Boardstop, Inc",
    "phone": "888-786-7411",
    "email": "staff@boardstop.com",
    "address": "16628 N IH 35",
    "state": "TX",
    "city": "Austin",
    "postal": "78728",
    "priority": 1
  },
  {
    "lat": "37.749406",
    "lng": "-121.1402773",
    "id": 9433611,
    "name": "Boat Country",
    "phone": "(209)599-1300",
    "email": "brent@boatcountryusa.com",
    "web": "http:\/\/www.boatcountryusa.com",
    "webdisplay": "www.boatcountryusa.com",
    "address": "850 Kamps Way",
    "country": "USA",
    "state": "CA",
    "city": "Ripon",
    "postal": "95366",
    "priority": 1
  },
  {
    "lat": "42.0882565",
    "lng": "-84.2471007",
    "id": 9433612,
    "name": "BOATERS CHOICE MARINE, INC",
    "phone": "(517) 592-3989",
    "email": "ANDREW@BOATERSCHOICEONLINE.COM",
    "address": "12011 BROOKLYN ROAD",
    "country": "USA",
    "state": "MI",
    "city": "BROOKLYN",
    "postal": "49230",
    "priority": 1
  },
  {
    "lat": "50.7070984",
    "lng": "-119.2605372",
    "id": 9433613,
    "name": "Boathouse Marine & Leisure",
    "phone": "250-832-7515",
    "address": "2670 Trans Can Hwy",
    "state": "BC",
    "city": "Salmon Arm",
    "postal": "V1E4N7",
    "priority": 1
  },
  {
    "lat": "36.0885406",
    "lng": "-79.7679414",
    "id": 9433614,
    "name": "Boats Unlimited NC",
    "phone": "(336) 379-7000",
    "address": "1200 E Lindsay St",
    "state": "NC",
    "city": "Greensboro",
    "postal": "27405",
    "priority": 1
  },
  {
    "lat": "50.7389687",
    "lng": "-120.6971951",
    "id": 9433615,
    "name": "BRUKER MARINE & BEACH CLUB",
    "phone": "(250) 852-1419",
    "email": "KERRY@BRUKERMARINA.COM",
    "address": "49 MARINA BAY ROAD",
    "state": "BC",
    "city": "TOBIANO",
    "postal": "V1S0E3",
    "priority": 1
  },
  {
    "lat": "44.5377208",
    "lng": "-78.544458",
    "id": 9433616,
    "name": "Buckeye Surf and Snow",
    "phone": "(855) 738-9283",
    "email": "support@buckeyesurf.com",
    "address": "12 Boulton St",
    "state": "ON",
    "city": "Bobcaygeon",
    "postal": "K0M1A0",
    "priority": 1
  },
  {
    "lat": "36.5952624",
    "lng": "-93.550186",
    "id": 9433617,
    "name": "Campbell Point Marina",
    "phone": "417-858-6331",
    "email": "cpmbilling@trlmo.com",
    "web": "http:\/\/campbellpointmarina.com",
    "webdisplay": "campbellpointmarina.com",
    "schedule": "Seasonal",
    "address": "1363 Campbell Point Road",
    "country": "USA",
    "state": "MO",
    "city": "Shell Knob",
    "postal": "65747",
    "priority": 1
  },
  {
    "lat": "50.901373",
    "lng": "-119.453799",
    "id": 9433619,
    "name": "Captain Village Marina",
    "phone": "250-955-2424",
    "address": "3877 Captains Village Way",
    "state": "BC",
    "city": "Scotch Creek",
    "postal": "V0E 3L0",
    "priority": 1
  },
  {
    "lat": "48.2621281",
    "lng": "-114.3297986",
    "id": 9433620,
    "name": "Captain's Marine",
    "phone": "406-755-2666",
    "email": "PARTS@CAPTAINSMARINE.COM",
    "address": "3201 US HWY 93 SOUTH",
    "state": "MT",
    "city": "Kalispell",
    "postal": "59901",
    "priority": 1
  },
  {
    "lat": "34.1381078",
    "lng": "-81.2342021",
    "id": 9433621,
    "name": "Carolina Inboard",
    "phone": "803-781-1024",
    "email": "staff@carolinainboard.com",
    "address": "1225 Bickley Rd",
    "state": "SC",
    "city": "Irmo",
    "postal": "29063",
    "priority": 1
  },
  {
    "lat": "36.4809731",
    "lng": "-95.0153185",
    "id": 9433622,
    "name": "Cedar Port Boat Sales",
    "phone": "918-435-8250",
    "address": "HWY 28 E",
    "state": "OK",
    "city": "Disney",
    "postal": "74340",
    "priority": 1
  },
  {
    "lat": "37.2797677",
    "lng": "-121.9322227",
    "id": 9433623,
    "name": "Central Valley Marine",
    "phone": "408-371-6681",
    "email": "proshop@cvmarine.com",
    "web": "Http:\/\/www.cvmarine.com",
    "webdisplay": "Http:\/\/www.cvmarine.com",
    "schedule": "Mon-Sat 9am-5pm",
    "address": "2355 So Bascom Ave",
    "country": "USA",
    "state": "CA",
    "city": "Campbell",
    "postal": "95008",
    "priority": 1
  },
  {
    "lat": "35.567741",
    "lng": "-80.9086112",
    "id": 9433624,
    "name": "Charlotte Ski Boats",
    "phone": "704-525-6006",
    "email": "OFFICE@CHARLOTTESKIBOATS.COM",
    "address": "1206 Brawley School Road",
    "state": "NC",
    "city": "Mooresville",
    "postal": "28117",
    "priority": 1
  },
  {
    "lat": "50.4501",
    "lng": "30.5234",
    "id": 9433625,
    "name": "City Swell",
    "phone": "380631327500",
    "address": "TIMOSHENKO 29, APT 285",
    "city": "KYIV",
    "postal": "4025",
    "priority": 1
  },
  {
    "lat": "35.3073724",
    "lng": "-94.4220729",
    "id": 9433626,
    "name": "Copher's Boat Center",
    "phone": "479-646-5672",
    "email": "info@cophers.com",
    "address": "8111 U.S. 271",
    "state": "AR",
    "city": "Fort Smith",
    "postal": "72908",
    "priority": 1
  },
  {
    "lat": "-34.7346981",
    "lng": "138.5857017",
    "id": 9433627,
    "name": "Costa Marine",
    "phone": "08 8280 6440",
    "email": "sales@costamarine.com.au",
    "address": "Lot 11 Angle Vale Crescent",
    "state": "Australia",
    "city": "Burton",
    "postal": "5110",
    "priority": 1
  },
  {
    "lat": "44.3035267",
    "lng": "-78.3210254",
    "id": 9433628,
    "name": "Cottage Toys",
    "phone": "705-741-2150",
    "email": "andrew@cottagetoys.com",
    "address": "180 Charlotte St",
    "state": "ON",
    "city": "Peterborough",
    "postal": "K0L 2H0",
    "priority": 1
  },
  {
    "lat": "44.533698",
    "lng": "-78.1438825",
    "id": 9433629,
    "name": "Cottage Toys",
    "phone": "705-652-3000",
    "email": "andrew@cottagetoys.com",
    "address": "2279 McCrakens Landing",
    "address2": "Road",
    "state": "ON",
    "city": "Stoney Lake",
    "postal": "K0L 2H0",
    "priority": 1
  },
  {
    "lat": "44.4201033",
    "lng": "-78.2763568",
    "id": 9433630,
    "name": "Cottage Toys",
    "phone": "705-652-6852",
    "email": "andrew@cottagetoys.com",
    "address": "96 Clementi",
    "address2": "Street",
    "state": "ON",
    "city": "Lakefield",
    "postal": "K0L 2H0",
    "priority": 1
  },
  {
    "lat": "49.0817898",
    "lng": "-122.0500567",
    "id": 9433631,
    "name": "COUNTRY CRAFT EXTREME BOAT SPORTS",
    "phone": "(604) 795-0187",
    "email": "SALES@EXTREMEBOATSPORTS.COM",
    "address": "42420 YARROW CENTRAL ROAD",
    "state": "BC",
    "city": "CHILLIWACK",
    "postal": "V2R5C8",
    "priority": 1
  },
  {
    "lat": "36.3329509",
    "lng": "-96.1004855",
    "id": 9433632,
    "name": "CrossTimbers Boat Sales",
    "phone": "918-288-2332",
    "email": "tbrooks@crosstimbersboatsales.com",
    "fax": "918-288-2442",
    "web": "http:\/\/www.crosstimbersboatsales.com",
    "webdisplay": "www.crosstimbersboatsales.com",
    "schedule": "9am-6pm, 7 days a week",
    "address": "12301 CrossTimbers Marina Drive",
    "country": "USA",
    "state": "OK",
    "city": "Sperry",
    "postal": "74073",
    "priority": 1
  },
  {
    "lat": "45.61049",
    "lng": "-74.593858",
    "id": 9433633,
    "name": "CSurf",
    "phone": "514-799-2069",
    "email": "marie@csurf.info",
    "address": "973 Main St E",
    "state": "ON",
    "city": "Hawkesbury",
    "postal": "K6A 1B5",
    "priority": 1
  },
  {
    "lat": "38.9118946",
    "lng": "-84.6263691",
    "id": 9433634,
    "name": "CURRENT WATERSPORTS",
    "phone": "(859) 525-9253",
    "email": "KELSEY@CURRENTWS.COM",
    "address": "45 TRANSPORT DR",
    "country": "USA",
    "state": "TN",
    "city": "WALTON",
    "postal": "41094",
    "priority": 1
  },
  {
    "lat": "43.5830838",
    "lng": "-116.2631133",
    "id": 9433635,
    "name": "Dennis Dillon RV & Marine Center",
    "phone": "208-562-8910",
    "address": "6560 W. Targee",
    "state": "ID",
    "city": "Boise",
    "postal": "83709",
    "priority": 1
  },
  {
    "lat": "45.9611503",
    "lng": "-74.1459775",
    "id": 9433636,
    "name": "Desjardins Ste -Adele Marine, inc",
    "email": "pieces@desjardinsmarine.com",
    "address": "1961 boul de Ste-Adele",
    "state": "QC",
    "city": "Ste-Adele",
    "postal": "J8B2N6",
    "priority": 1
  },
  {
    "lat": "45.6708793",
    "lng": "-73.4277448",
    "id": 9433637,
    "name": "Deuxime Vague",
    "phone": "514-941-4504",
    "email": "joel-beauchamp-cerat@hotmail.ca",
    "address": "199 chemin du petit bois",
    "address2": "local 101",
    "state": "QC",
    "city": "Varennes",
    "postal": "J3X 1P7",
    "priority": 1
  },
  {
    "lat": "30.35613",
    "lng": "-95.5903047",
    "id": 9433638,
    "name": "Dockside Marine",
    "phone": "936-447-6161",
    "email": "josh@dmboats.com",
    "address": "14981 Hwy 105 W",
    "state": "TX",
    "city": "Montgomery",
    "postal": "77356",
    "priority": 1
  },
  {
    "lat": "45.8564651",
    "lng": "-72.4261776",
    "id": 9433639,
    "name": "Drummondville Marine",
    "phone": "819-478-2297",
    "address": "4400 ST-JOSEPH",
    "state": "QC",
    "city": "Drummondville",
    "postal": "J2A1R1",
    "priority": 1
  },
  {
    "lat": "45.2998582",
    "lng": "-85.2899415",
    "id": 9433640,
    "name": "DRY HARBOUR MARINE",
    "phone": "(231) 547-0040",
    "email": "SALES@DRYHARBOURMARINE.COM",
    "address": "6357 US 31 S",
    "country": "USA",
    "state": "MI",
    "city": "CHARLEVOIX",
    "postal": "49720",
    "priority": 1
  },
  {
    "lat": "45.8854781",
    "lng": "-95.378132",
    "id": 9433641,
    "name": "Faction Board Shop",
    "phone": "320-762-2573",
    "address": "612 Broadway, Suite B",
    "state": "MN",
    "city": "Alexandria",
    "postal": "56308",
    "priority": 1
  },
  {
    "lat": "53.2827447",
    "lng": "-110.0033081",
    "id": 9433642,
    "name": "Factory Sports Excellence",
    "phone": "306-825-7678",
    "address": "4903 49th Avenue",
    "state": "SK",
    "city": "Lloydminster",
    "postal": "S9V0T6",
    "priority": 1
  },
  {
    "lat": "31.4449228",
    "lng": "-100.4975371",
    "id": 9433643,
    "name": "Family Powersports",
    "phone": "800-207-6002",
    "address": "4160 Houston-Harte Way",
    "state": "TX",
    "city": "San Angelo",
    "postal": "76901",
    "priority": 1
  },
  {
    "lat": "44.3214505",
    "lng": "-74.1235812",
    "id": 9433644,
    "name": "Fogarty's Lake Flower Marina",
    "phone": "518-891-2340",
    "address": "260 Lake Flower Ave",
    "state": "NY",
    "city": "Saran Lake",
    "postal": "12983",
    "priority": 1
  },
  {
    "lat": "41.0698006",
    "lng": "-111.9883482",
    "id": 9433645,
    "name": "Fred's Marine",
    "phone": "801-593-8345",
    "email": "mail@fredsmarine.com",
    "address": "1215 W. Hillfield Rd",
    "state": "UT",
    "city": "Layton",
    "postal": "84041",
    "priority": 1
  },
  {
    "lat": "49.8788382",
    "lng": "-119.5358803",
    "id": 9433646,
    "name": "Freeride Boardshop",
    "phone": "250-769-1110",
    "email": "info@freerideboardshop.com",
    "address": "158 MAIN STREET",
    "state": "BC",
    "city": "Kelowna",
    "postal": "V1Z 4C9",
    "priority": 1
  },
  {
    "lat": "49.8788382",
    "lng": "-119.5358803",
    "id": 9433647,
    "name": "Freeride Boardshop",
    "phone": "1-250-769-1110",
    "email": "info@freerideboardshop.com",
    "web": "http:\/\/www.freerideboardshop.com",
    "webdisplay": "www.freerideboardshop.com",
    "address": "525 BC-97",
    "country": "Canada",
    "state": "BC",
    "city": "West Kelowna",
    "postal": "V1Z 4C9",
    "priority": 1
  },
  {
    "lat": "53.2041411",
    "lng": "-105.7539446",
    "id": 9433648,
    "name": "Fresh Air Experience",
    "phone": "306-922-1500",
    "email": "fae.mike@sasktel.net",
    "address": "938 Central Avenue",
    "state": "SK",
    "city": "Prince Albert",
    "postal": "S6V4V3",
    "priority": 1
  },
  {
    "lat": "34.6380488",
    "lng": "135.411274",
    "id": 9433650,
    "name": "FURINDO CO., LTD",
    "phone": "81666141239",
    "address": "3F-C6 ASIA PACIFIC TRADE CENTER",
    "country": "Japan",
    "state": "OS",
    "city": "OSAKA",
    "postal": "559-0034",
    "priority": 1
  },
  {
    "lat": "34.4387818",
    "lng": "-93.0892052",
    "id": 9433651,
    "name": "FUTRELL MARINE",
    "phone": "(501) 520-0300",
    "email": "MCKENNA@FUTRELLMARINE.COM",
    "address": "4918 CENTRAL AVENUE",
    "state": "AR",
    "city": "HOT SPRINGS",
    "postal": "71913",
    "priority": 1
  },
  {
    "lat": "35.5176449",
    "lng": "-92.0260734",
    "id": 9433652,
    "name": "FUTRELL MARINE",
    "phone": "(501) 362-7433",
    "email": "MCKENNA@FUTRELLMARINE.COM",
    "address": "2410 HWY 25 BN",
    "state": "AR",
    "city": "HEBER SPRINGS",
    "postal": "72543",
    "priority": 1
  },
  {
    "lat": "33.4157719",
    "lng": "-111.6212867",
    "id": 9433653,
    "name": "GERMAINE MARINE",
    "phone": "(480) 599-1250",
    "email": "CARTER.GERMAINEMARINE@GMAIL.COM",
    "address": "9730 E MAIN STREET",
    "country": "USA",
    "state": "AZ",
    "city": "Meza",
    "postal": "85207",
    "priority": 1
  },
  {
    "lat": "36.0911772",
    "lng": "-79.9991759",
    "id": 9433654,
    "name": "Get Wet Marine",
    "phone": "336-992-2628",
    "email": "randy@getwetmarine.com",
    "address": "8420-B Norcross Rd.",
    "state": "NC",
    "city": "Colfax",
    "postal": "27235",
    "priority": 1
  },
  {
    "lat": "45.2103452",
    "lng": "-79.7914147",
    "id": 9433656,
    "name": "Gordon Bay Marine, LTD",
    "phone": "705-375-2623",
    "email": "johnm@gordonbay.com",
    "address": "55A HATHERLEY RD",
    "state": "ON",
    "city": "Mactier",
    "postal": "P0C1H0",
    "priority": 1
  },
  {
    "lat": "23.1290799",
    "lng": "113.26436",
    "id": 9433657,
    "name": "GUANGZHOU GARHORN MARINE",
    "phone": "8618588884745",
    "email": "JASON@GARHORN.COM",
    "address": "ROOM 805, LION BUILDING, LUO XI,",
    "state": "GUANGDONG",
    "city": "GUANGZHOU",
    "postal": "511431",
    "priority": 1
  },
  {
    "lat": "47.67824",
    "lng": "-116.805749",
    "id": 9433658,
    "name": "Hagadone Marine Center",
    "phone": "208-664-8274",
    "email": "hmgparts@hagadonemarine.com",
    "address": "1000 S Marina Dr",
    "state": "ID",
    "city": "Coeur d Alene",
    "postal": "83814",
    "priority": 1
  },
  {
    "lat": "39.3057809",
    "lng": "-84.4767353",
    "id": 9433659,
    "name": "HERN MARINE",
    "phone": "(513) 860-8882",
    "email": "AJ.STEWART@HERNMARINE.COM",
    "address": "147 CIRCLE FREEWAY",
    "country": "USA",
    "state": "OH",
    "city": "CINCINNATI",
    "postal": "45246",
    "priority": 1
  },
  {
    "lat": "45.1632622",
    "lng": "-75.6295153",
    "id": 9433660,
    "name": "Hurst Marina",
    "phone": "613-692-1234",
    "email": "proshop@hurstmarina.com",
    "web": "http:\/\/WWW.HURSTMARINA.COM",
    "webdisplay": "WWW.HURSTMARINA.COM",
    "address": "2726 River Rd.",
    "state": "ON",
    "city": "Manotick",
    "postal": "K4M1B4",
    "priority": 1
  },
  {
    "lat": "42.5258841",
    "lng": "-113.7924907",
    "id": 9433661,
    "name": "IDAHO WATERSPORTS",
    "phone": "(208) 459-7777",
    "email": "NAMPAPROSHOP@idahowatersports.com",
    "address": "2165 OVERLAND AVENUE",
    "country": "USA",
    "state": "ID",
    "city": "BURLEY",
    "postal": "83318",
    "priority": 1
  },
  {
    "lat": "45.3958156",
    "lng": "-71.9462179",
    "id": 9433662,
    "name": "Illusion Sports",
    "phone": "819-562-1698",
    "address": "3030 King Ouest",
    "state": "QC",
    "city": "Sherbrooke",
    "postal": "J1L1Y7",
    "priority": 1
  },
  {
    "lat": "45.120633",
    "lng": "-79.583448",
    "id": 9433663,
    "name": "Indian River Trading Co., Inc.",
    "phone": "705-765-0011",
    "email": "irtc@vianet.ca",
    "address": "1 West Street",
    "state": "ON",
    "city": "Port Carling",
    "postal": "P0B 1J0",
    "priority": 1
  },
  {
    "lat": "40.5049694",
    "lng": "-104.9931746",
    "id": 9433664,
    "name": "Island Lake Marine & Sports",
    "phone": "970-225-6666",
    "email": "customerservice@islandlakemarine.com",
    "address": "5887 SW Frontage Rd",
    "state": "CO",
    "city": "Fort Collins",
    "postal": "80528",
    "priority": 1
  },
  {
    "lat": "34.7031368",
    "lng": "-82.9113686",
    "id": 9433665,
    "name": "JC Sports",
    "phone": "864-882-4212",
    "email": "jeff@skijcsports.com",
    "address": "10475 Clemson Blvd",
    "state": "SC",
    "city": "Seneca",
    "postal": "29678",
    "priority": 1
  },
  {
    "lat": "49.509843",
    "lng": "-115.7742463",
    "id": 9433666,
    "name": "Just Liquid Sports",
    "phone": "250-489-2837",
    "email": "info@justliquid.ca",
    "address": "106 Van Horne St. South",
    "state": "BC",
    "city": "Cranbrook",
    "postal": "V1C1Z3",
    "priority": 1
  },
  {
    "lat": "44.6099178",
    "lng": "-79.4152689",
    "id": 9433667,
    "name": "KAHUNA SURF SHOP",
    "phone": "(705) 325-2461",
    "email": "INFO@KAHUNASURFSHOP.COM",
    "address": "175 MISSISSAGA STREET EAST",
    "state": "ON",
    "city": "ORILLIA",
    "postal": "L3V 1V8",
    "priority": 1
  },
  {
    "lat": "33.6508994",
    "lng": "-82.2972472",
    "id": 9433668,
    "name": "Keg Creek Surf",
    "email": "dhensley1978@gmail.com",
    "address": "Keg Creek Dr",
    "state": "GA",
    "city": "Appling",
    "postal": "30802",
    "priority": 1
  },
  {
    "lat": "49.8440337",
    "lng": "-119.4821939",
    "id": 9433669,
    "name": "KELOWNA BOAT CHARTERS",
    "phone": "(519) 860-9381",
    "email": "KELOWNABOATCHARTERS@OUTLOOK.COM",
    "address": "112-3842 GORDON DR.",
    "state": "BC",
    "city": "KELOWNA",
    "postal": "V1W3G5",
    "priority": 1
  },
  {
    "lat": "45.555963",
    "lng": "-73.701199",
    "id": 9433670,
    "name": "La Boutique Sharks",
    "phone": "450-663-5543",
    "email": "sharksco@sharksco.com",
    "address": "313 E, Boul Cartier",
    "state": "QC",
    "city": "Laval",
    "postal": "H7N2J3",
    "priority": 1
  },
  {
    "lat": "29.7103047",
    "lng": "-82.0441488",
    "id": 9433671,
    "name": "LAKE AREA WATERSPORTS",
    "phone": "(352) 475-3434",
    "email": "CHAD@LAKEAREAWATERSPORTS.COM",
    "address": "829 N. SR 21",
    "country": "USA",
    "state": "FL",
    "city": "Melrose",
    "postal": "32666",
    "priority": 1
  },
  {
    "lat": "44.7881535",
    "lng": "-93.2704372",
    "id": 9433672,
    "name": "LAKE ELMO SPORTS",
    "phone": "(952) 252-0259",
    "email": "LAKEELMOSPORTS@EARTHLINK.NET",
    "address": "451 CLIFF ROAD E., SUITE 104",
    "country": "USA",
    "state": "MN",
    "city": "BURNSVILLE",
    "postal": "55337",
    "priority": 1
  },
  {
    "lat": "35.573076",
    "lng": "-81.0159473",
    "id": 9433673,
    "name": "Lake Norman Marina",
    "phone": "704-483-5546",
    "web": "http:\/\/www.lakenormanmarina.com",
    "webdisplay": "www.lakenormanmarina.com",
    "address": "6965 NC Hwy 150",
    "country": "USA",
    "state": "NC",
    "city": "Sherrills Ford",
    "postal": "28673",
    "priority": 1
  },
  {
    "lat": "45.732634",
    "lng": "-107.605499",
    "id": 9433674,
    "name": "Lammers Trading Post",
    "phone": "406-665-2603",
    "email": "lammerstradingpost@yahoo.com",
    "address": "403 n center ave",
    "state": "MT",
    "city": "HARDIN",
    "postal": "59034",
    "priority": 1
  },
  {
    "lat": "52.7904508",
    "lng": "-108.3039103",
    "id": 9433675,
    "name": "LEISURE TIME \/DISCOVERY CO-OP",
    "phone": "(306) 446-7217",
    "email": "LEISURE@DISCOVERYCOOP.COM",
    "address": "1902-9800 TERRITORIAL DRIVE",
    "state": "SK",
    "city": "NORTH BATTLEFORD",
    "postal": "S9A3W6",
    "priority": 1
  },
  {
    "lat": "40.9427387",
    "lng": "-74.6209657",
    "id": 9433676,
    "name": "LHMwakeshop",
    "phone": "973-663-2761",
    "email": "info@lhmwakeshop.com",
    "address": "545 Howard Blvd.",
    "state": "NJ",
    "city": "Lake Hopatcong",
    "postal": "7849",
    "priority": 1
  },
  {
    "lat": "37.110075",
    "lng": "-113.572982",
    "id": 9433677,
    "name": "LIP TRIX",
    "phone": "(435) 628-2396",
    "email": "SHOP@LIPTRIX.COM",
    "address": "105 N 500 E",
    "country": "USA",
    "state": "UT",
    "city": "ST GEORGE",
    "postal": "84770",
    "priority": 1
  },
  {
    "lat": "40.1805301",
    "lng": "-111.6474767",
    "id": 9433678,
    "name": "M&M Watersports",
    "phone": "801-491-3710",
    "address": "1015 North 2000 West",
    "state": "UT",
    "city": "Springville",
    "postal": "84663",
    "priority": 1
  },
  {
    "lat": "30.2422696",
    "lng": "-95.4614198",
    "id": 9433679,
    "name": "M2 Sports",
    "phone": "9366471424",
    "email": "Info@m2sports.com",
    "web": "http:\/\/www.M2sports.com",
    "webdisplay": "www.M2sports.com",
    "schedule": "9am-5pm Tues-Sat",
    "address": "15096 Interstate 45 South",
    "country": "USA",
    "state": "TX",
    "city": "Conroe",
    "postal": "77384",
    "priority": 1
  },
  {
    "lat": "30.437955",
    "lng": "-97.7749793",
    "id": 9433680,
    "name": "MARINE MAX - SAIL & SKI AUSTIN",
    "phone": "(512) 258-0733",
    "email": "TYLER.WITCHER@MARINEMAX.COM",
    "address": "12971 RESEARCH BLVD.",
    "country": "USA",
    "state": "TX",
    "city": "AUSTIN",
    "postal": "78750",
    "priority": 1
  },
  {
    "lat": "40.7330457",
    "lng": "-111.9184342",
    "id": 9433681,
    "name": "MARINE PRODUCTS",
    "phone": "(801) 973-4017",
    "email": "jeremy@marine-products.com",
    "address": "949 WEST 1700 SOUTH",
    "country": "USA",
    "state": "UT",
    "city": "SALT LAKE CITY",
    "postal": "84104",
    "priority": 1
  },
  {
    "lat": "38.8451412",
    "lng": "-98.4667992",
    "id": 9433682,
    "name": "MARINE SPECIALTY",
    "phone": "(785) 658-3626",
    "email": "MARINESPECIALTY@GMAIL.COM",
    "address": "275 HWY 232",
    "country": "USA",
    "state": "KS",
    "city": "WILSON",
    "postal": "67490",
    "priority": 1
  },
  {
    "lat": "37.6716916",
    "lng": "-97.4342026",
    "id": 9433683,
    "name": "MARINE WORLD",
    "phone": "(316) 265-2628",
    "email": "nickblasi@marineworld.com",
    "address": "7979 W. KELLOGG",
    "country": "USA",
    "state": "KS",
    "city": "Wichita",
    "postal": "67209",
    "priority": 1
  },
  {
    "lat": "44.9033937",
    "lng": "-93.5587926",
    "id": 9433684,
    "name": "MarineMax",
    "phone": "(952) 346-4857",
    "address": "141 Minnetonka Blvd",
    "state": "MN",
    "city": "Excelsior",
    "postal": "55331",
    "priority": 1
  },
  {
    "lat": "38.1781119",
    "lng": "-92.6267586",
    "id": 9433685,
    "name": "MarineMax Lake Ozark",
    "description": "The Board Room at MarineMax Lake Ozark",
    "phone": "573-365-5382",
    "email": "info@phase5boards.com",
    "web": "http:\/\/www.MarineMax.com",
    "webdisplay": "phase5boards.com",
    "schedule": "Summer Hours Mon-Sat 8am-5pm, Sun 8am-4pm",
    "store_image": "https:\/\/creatorexport.zoho.com\/zapdan\/phase-5-dealer-locations\/P5_Store_Locator_Info_Report\/722605000006219003\/Logo\/download\/1523551236781_marinemax-inc-logo.jpg",
    "marker_image": "https:\/\/creatorexport.zoho.com\/zapdan\/phase-5-dealer-locations\/P5_Store_Locator_Info_Report\/722605000006219003\/Logo\/download\/1523551236781_marinemax-inc-logo.jpg",
    "address": "3070 Bagnell Dam Blvd",
    "country": "USA",
    "state": "MO",
    "city": "Lake Ozark",
    "postal": "65049",
    "priority": 1
  },
  {
    "lat": "51.0143202",
    "lng": "-113.984531",
    "id": 9433686,
    "name": "Martin Motors - Calgary",
    "phone": "403-301-0096",
    "address": "3444 44 Ave SE",
    "state": "AB",
    "city": "Calgary",
    "postal": "T2B 3J9",
    "priority": 1
  },
  {
    "lat": "53.5710201",
    "lng": "-113.6227797",
    "id": 9433687,
    "name": "Martin Motors - Edmonton",
    "phone": "780-481-4000",
    "address": "17348 118 Ave",
    "state": "AB",
    "city": "Edmonton",
    "postal": "T5S2L7",
    "priority": 1
  },
  {
    "lat": "52.1918422",
    "lng": "-106.6728787",
    "id": 9433688,
    "name": "Martin Motors - Saskatoon",
    "phone": "306-664-2628",
    "address": "3635 Idylwyld Dr.",
    "state": "SK",
    "city": "Saskatoon",
    "postal": "S7L6B5",
    "priority": 1
  },
  {
    "lat": "49.8840802",
    "lng": "-119.433943",
    "id": 9433689,
    "name": "MARTIN MOTORS SPORTS - KELOWNA",
    "phone": "(250) 860-4232",
    "address": "2330 ENTERPRISE WAY",
    "state": "BC",
    "city": "KELOWNA",
    "postal": "V1X4H7",
    "priority": 1
  },
  {
    "lat": "39.8285134",
    "lng": "-104.9855263",
    "id": 9433690,
    "name": "MASTERCRAFT COLORADO",
    "phone": "(303) 429-1895",
    "email": "PARTS@MASTERCRAFTCOLORADO.COM",
    "address": "7300 BROADWAY",
    "state": "CO",
    "city": "Denver",
    "postal": "80221",
    "priority": 1
  },
  {
    "lat": "40.3285206",
    "lng": "-111.7441876",
    "id": 9433691,
    "name": "Mastercraft Utah Watersports",
    "address": "1664 North 400 East",
    "state": "UT",
    "city": "Vineyard",
    "postal": "84042",
    "priority": 1
  },
  {
    "lat": "46.7477203",
    "lng": "-95.8724809",
    "id": 9433692,
    "name": "McLaughlins",
    "phone": "218-846-9950",
    "address": "12211 US Highway 59 S",
    "state": "MN",
    "city": "Detroit Lakes",
    "postal": "56501",
    "priority": 1
  },
  {
    "lat": "45.0127885",
    "lng": "-84.6775968",
    "id": 9433693,
    "name": "Mega Powersports, LLC",
    "phone": "989-732-2500",
    "address": "2484 South Otsego Ave",
    "state": "MI",
    "city": "Gaylord",
    "postal": "49735",
    "priority": 1
  },
  {
    "lat": "35.0793133",
    "lng": "-89.9223522",
    "id": 9433694,
    "name": "Memphis Boat Center",
    "phone": "901-744-4444",
    "email": "hart.robinson@memphisboatcenter.com",
    "address": "1920 Watson St.",
    "state": "TN",
    "city": "Memphis",
    "postal": "38111",
    "priority": 1
  },
  {
    "lat": "40.1199969",
    "lng": "-86.0134578",
    "id": 9433695,
    "name": "MID-INDIANA MARINE",
    "phone": "(317) 984-7004",
    "email": "PARTS@MIDINDIANAMARINE.COM",
    "address": "28800 STATE RD 19",
    "country": "USA",
    "state": "IN",
    "city": "Atlanta",
    "postal": "46031",
    "priority": 1
  },
  {
    "lat": "45.0471009",
    "lng": "-93.355143",
    "id": 9433696,
    "name": "MIdwest Water Sports",
    "phone": "763-533-9666",
    "email": "nick@waterskis.com",
    "web": "http:\/\/midwestwatersports.com",
    "webdisplay": "midwestwatersports.com",
    "address": "5160 W. Broadway",
    "country": "USA",
    "state": "MN",
    "city": "Crystal",
    "postal": "55429",
    "priority": 1
  },
  {
    "lat": "44.9121861",
    "lng": "-93.5055798",
    "id": 9433697,
    "name": "Midwest Water Sports",
    "phone": "952-443-1805",
    "email": "dave@waterskis.com",
    "web": "http:\/\/waterskis.com",
    "webdisplay": "waterskis.com",
    "address": "17717 HWY 7",
    "country": "USA",
    "state": "MN",
    "city": "MInnetonka",
    "postal": "55386",
    "priority": 1
  },
  {
    "lat": "44.9137907",
    "lng": "-116.0968332",
    "id": 9433698,
    "name": "MILE HIGH MARINA",
    "phone": "(208) 634-8605",
    "email": "SAM@WORLEYSB.COM",
    "address": "1300 E LAKE ST.",
    "state": "ID",
    "city": "MCCALL",
    "postal": "83638",
    "priority": 1
  },
  {
    "lat": "44.8978979",
    "lng": "-93.5687601",
    "id": 9433699,
    "name": "Minnesota Inboard Excelsior ",
    "phone": "952-474-1742",
    "email": "joeg@mninboard.com",
    "address": "720 Galpin Lake Rd",
    "state": "MN",
    "city": "Excelsior",
    "postal": "55331",
    "priority": 1
  },
  {
    "lat": "46.380221",
    "lng": "-94.256178",
    "id": 9433700,
    "name": "Minnesota Inboard Water Sports",
    "phone": "218-822-4401",
    "email": "jordans@mninboard.com",
    "address": "15779 Edgewood Drive",
    "state": "MN",
    "city": "Baxter",
    "postal": "56425",
    "priority": 1
  },
  {
    "lat": "46.6103896",
    "lng": "-112.020468",
    "id": 9433701,
    "name": "MONTANA BOAT CENTER",
    "description": "WAKE SURF BOARDS FROM PEOPLE WHO WAKESURF!",
    "phone": "406-443-6400",
    "email": "mtboatcenter@gmail.com",
    "web": "http:\/\/www.montanaboatcenter.com",
    "webdisplay": "www.montanaboatcenter.com",
    "schedule": "9-6 Mon-Fri 9-5 Sat Sun Gone Surfing!",
    "address": "2531 N Montana Ave",
    "country": "USA",
    "state": "MT",
    "city": "Helena",
    "postal": "59601",
    "priority": 1
  },
  {
    "lat": "51.429876",
    "lng": "9.6366743",
    "id": 9433702,
    "name": "MUHL WATERSPORTS KG",
    "phone": "495541988013",
    "email": "ANDY@MUHL-WATERSPORTS.DE",
    "address": "PROF. - OELKERSSTR. 12",
    "city": "HANNOVERSCH MUNDEN",
    "postal": "34346",
    "priority": 1
  },
  {
    "lat": "42.3247648",
    "lng": "-88.1640626",
    "id": 9433703,
    "name": "Munson Ski and Marine",
    "phone": "888-488-BOAT",
    "email": "vince@munsonski.com",
    "address": "31695 N. Hwy 12",
    "state": "IL",
    "city": "Round Lake",
    "postal": "60073",
    "priority": 1
  },
  {
    "lat": "43.8163932",
    "lng": "-79.3250572",
    "id": 9433704,
    "name": "Muskoka Woods",
    "phone": "416-495-6960",
    "address": "20 Bamburgh Circle",
    "state": "ON",
    "city": "Scarborough",
    "postal": "M1W3Y5",
    "priority": 1
  },
  {
    "lat": "39.8806281",
    "lng": "-86.0712174",
    "id": 9433705,
    "name": "N3 BOATWORKS",
    "phone": "(317) 845-9253",
    "email": "MARK@N3BOATWORKS.COM",
    "address": "7001 HAWTHORNE PARK DR.",
    "state": "IN",
    "city": "INDIANAPOLIS",
    "postal": "46220",
    "priority": 1
  },
  {
    "lat": "36.4888746",
    "lng": "-79.1355983",
    "id": 9433706,
    "name": "NC MARINE",
    "phone": "(919) 867-1880",
    "email": "NCMARINESALES@GMAIL.COM",
    "address": "33 SKYLARK LANE",
    "state": "NC",
    "city": "SEMORA",
    "postal": "27343",
    "priority": 1
  },
  {
    "lat": "43.0259037",
    "lng": "-77.4369754",
    "id": 9433707,
    "name": "Neon Wave",
    "email": "shop@thisisneonwave.com",
    "web": "http:\/\/thisisneonwave.com\/",
    "webdisplay": "thisisneonwave.com\/",
    "schedule": "Hours 11:00 PM - 7:00 PM",
    "address": "237 High Street Extension",
    "address2": "Suite 4",
    "country": "USA",
    "state": "NY",
    "city": "Victor",
    "postal": "14564",
    "priority": 1
  },
  {
    "lat": "33.1848221",
    "lng": "-107.2170032",
    "id": 9433708,
    "name": "NEW MEXICO WAKE",
    "phone": "(575) 744-0030",
    "email": "DEREK@NEWMEXICOWAKE.COM",
    "address": "404 NM - 195",
    "state": "NM",
    "city": "ELEPHANT BUTTE",
    "postal": "87935",
    "priority": 1
  },
  {
    "lat": "46.503715",
    "lng": "-94.2973389",
    "id": 9433709,
    "name": "Nisswa Marine",
    "phone": "574-842-3375",
    "address": "24238 Smiley Road",
    "state": "MN",
    "city": "Nisswa",
    "postal": "56468",
    "priority": 1
  },
  {
    "lat": "36.3540017",
    "lng": "-84.1478608",
    "id": 9433710,
    "name": "NORRIS LAKE BOAT CENTER LLC",
    "phone": "(865) 256-9839",
    "email": "SURFSHOPNLBC@COMCAST.NET",
    "address": "1809 JACKSBORO PIKE",
    "state": "TN",
    "city": "JACKSBORO",
    "postal": "37757",
    "priority": 1
  },
  {
    "lat": "35.2508805",
    "lng": "-97.4864316",
    "id": 9433711,
    "name": "Norris Marine",
    "phone": "4053645280",
    "email": "team@norrismarine.com",
    "fax": "4053645623",
    "web": "http:\/\/www.norrismarine.com",
    "webdisplay": "www.norrismarine.com",
    "schedule": "M-F 9am-6pm, Sat 9am-5pm",
    "address": "2680 N INTERSTATE DR",
    "country": "USA",
    "state": "OK",
    "city": "NORMAN",
    "postal": "73072-2445",
    "priority": 1
  },
  {
    "lat": "49.3236418",
    "lng": "-123.0727343",
    "id": 9433712,
    "name": "Northshore Ski and Board",
    "phone": "604-987-7245",
    "address": "1625 Lonsdale Ave. North",
    "state": "BC",
    "city": "Vancouver",
    "postal": "V7M2J5",
    "priority": 1
  },
  {
    "lat": "45.4462667",
    "lng": "-122.62994",
    "id": 9433713,
    "name": "Northwest Boat Sports",
    "phone": "503-516-5135",
    "address": "3136 SE Harrison St.",
    "state": "OR",
    "city": "Milwaukee",
    "postal": "97222",
    "priority": 1
  },
  {
    "lat": "47.6813151",
    "lng": "-122.1402022",
    "id": 9433714,
    "name": "NORTHWEST WATER SPORTS",
    "phone": "(425) 298-4705",
    "email": "GRANT@NORTHWESTWATERSPORTS.COM",
    "address": "8710 WILLOWS ROAD NE, SUITE C",
    "state": "WA",
    "city": "REDMOND",
    "postal": "98052",
    "priority": 1
  },
  {
    "lat": "43.3641358",
    "lng": "-95.1325857",
    "id": 9433715,
    "name": "OAK HILL MARINA, INC.",
    "phone": "(712) 332-2701",
    "address": "176 HWY 71 SOUTH",
    "state": "IA",
    "city": "ARNOLDS PARK",
    "postal": "51331",
    "priority": 1
  },
  {
    "lat": "45.4444493",
    "lng": "-73.4333508",
    "id": 9433716,
    "name": "OASIS SURF",
    "phone": "(514) 372-7873",
    "email": "CLAUDE@OASISSURF.COM",
    "address": "9520 BOUL. LEDUC SUITE 01",
    "state": "QC",
    "city": "BROSSARD",
    "postal": "J4Y0B3",
    "priority": 1
  },
  {
    "lat": "53.5177962",
    "lng": "-113.4925732",
    "id": 9433717,
    "name": "Ocean Sports",
    "phone": "780-432-1904",
    "address": "10133 82 Ave NW",
    "state": "AB",
    "city": "Edmonton",
    "postal": "T6E1Z5",
    "priority": 1
  },
  {
    "lat": "46.5154375",
    "lng": "6.7001057",
    "id": 9433718,
    "name": "OFFAXIS",
    "phone": "41793537032",
    "email": "info@offaxis.ch",
    "address": "CH.DE SAVOIE 16",
    "city": "LA CROIX-SUR-LUTRY",
    "postal": "1090",
    "priority": 1
  },
  {
    "lat": "48.1371592",
    "lng": "16.4079417",
    "id": 9433719,
    "name": "OHANA VIENNA",
    "phone": "436645136887",
    "email": "MARKUSLAHMER@GMAIL.COM",
    "address": "OBERLAAERSTRASSE 10",
    "country": "Austria",
    "city": "VIENNA",
    "priority": 1
  },
  {
    "lat": "41.2131288",
    "lng": "-96.0628227",
    "id": 9433720,
    "name": "Omaha Marine Center",
    "phone": "402-339-9600",
    "email": "tim@omahamarinecenter.com",
    "address": "9610 L Street",
    "state": "NE",
    "city": "Omaha",
    "postal": "68127",
    "priority": 1
  },
  {
    "lat": "49.8830879",
    "lng": "-119.433104",
    "id": 9433721,
    "name": "ONE Boardshop",
    "phone": "250-763-1338",
    "email": "kelowna@oneboardshop.com",
    "address": "2330 HWY 97N",
    "state": "BC",
    "city": "Kelowna",
    "postal": "V1X 4H8",
    "priority": 1
  },
  {
    "lat": "50.6637852",
    "lng": "-120.3515347",
    "id": 9433722,
    "name": "ONE BOARDSHOP KAMLOOPS",
    "phone": "(250) 763-1338",
    "email": "TAYLOR@ONEBOARDSHOP.COM",
    "address": "UNIT #200  500 NOTRE DAME DR",
    "state": "BC",
    "city": "KAMLOOPS",
    "postal": "V1X4H8",
    "priority": 1
  },
  {
    "lat": "49.4735073",
    "lng": "-119.5801136",
    "id": 9433723,
    "name": "ONE BOARDSHOP PENTAGON",
    "phone": "(250) 492-8424",
    "email": "pentagonboardshop@gmail.com",
    "address": "UNIT #104. 2210 MAIN ST.",
    "state": "BC",
    "city": "PENTICTON",
    "postal": "V2A5H8",
    "priority": 1
  },
  {
    "lat": "53.9109147",
    "lng": "-122.7559129",
    "id": 9433724,
    "name": "ONE BOARDSHOP PRINCE GEORGE",
    "phone": "(250) 763-1338",
    "email": "TAYLOR@ONEBOARDSHOP.COM",
    "address": "1600 15TH AVE.",
    "state": "BC",
    "city": "PRINCE GEORGE",
    "postal": "V2L3X3",
    "priority": 1
  },
  {
    "lat": "46.613764",
    "lng": "13.8460117",
    "id": 9433725,
    "name": "ORTNER - BOOTE GMBH",
    "phone": "43424241370",
    "email": "BOOTE@ORTNER-BOOTE.COM",
    "address": "ZEHENTHOFSTR. 26",
    "state": "A",
    "city": "VILLACH",
    "postal": "9500",
    "priority": 1
  },
  {
    "lat": "36.5073791",
    "lng": "-77.9650174",
    "id": 9433726,
    "name": "Overby Marine Sales & Service Inc.",
    "phone": "252-586-3593",
    "email": "joe@overbymarine.com",
    "address": "1847 Eaton Ferry Rd.",
    "state": "NC",
    "city": "Littleton",
    "postal": "27850",
    "priority": 1
  },
  {
    "lat": "43.392339",
    "lng": "-95.1027966",
    "id": 9433727,
    "name": "Parks Marina Okoboji",
    "phone": "712.332.7303",
    "email": "sales@parksmarina.com",
    "address": "24457 178th Street",
    "state": "IA",
    "city": "Okoboji",
    "postal": "51355",
    "priority": 1
  },
  {
    "lat": "36.3732617",
    "lng": "-92.3040764",
    "id": 9433728,
    "name": "Perfect Catch Marine",
    "phone": "870-470-9200",
    "email": "sales@perfectcatchmarine.com",
    "address": "5330 Hwy 62 E",
    "state": "AR",
    "city": "Mountain Home",
    "postal": "72653",
    "priority": 1
  },
  {
    "lat": "45.2045179",
    "lng": "-93.4002975",
    "id": 9433729,
    "name": "Pinewskis Ski and Board Shop",
    "phone": "763-422-0329",
    "email": "pinewskis@gmail.com",
    "address": "546 West Main St",
    "state": "MN",
    "city": "Anoka",
    "postal": "55303",
    "priority": 1
  },
  {
    "lat": "43.5167011",
    "lng": "-112.0010137",
    "id": 9433730,
    "name": "Precision Boats",
    "phone": "208-529-0520",
    "address": "2199 North Woddruff",
    "state": "ID",
    "city": "Idaho Falls",
    "postal": "83401",
    "priority": 1
  },
  {
    "lat": "35.8783081",
    "lng": "-84.2417507",
    "id": 9433731,
    "name": "PREMIER WATERSPORTS",
    "phone": "(865) 693-9949",
    "email": "GREG@PREMIERWATERSPORTS.NET",
    "address": "13137 EL CAMINO LANE",
    "country": "USA",
    "state": "TN",
    "city": "KNOXVILLE",
    "postal": "37932",
    "priority": 1
  },
  {
    "lat": "45.012187",
    "lng": "-79.396316",
    "id": 9433732,
    "name": "Pride of Muskoka",
    "phone": "800-991-3006",
    "address": "1785 Beaumont Drive",
    "state": "ON",
    "city": "Bracebridge",
    "postal": "P1L1W4",
    "priority": 1
  },
  {
    "lat": "3.2195491",
    "lng": "101.7518151",
    "id": 9433733,
    "name": "PRIMA BLITZ - WAKEBOARD MALAYSIA",
    "phone": "60123246677",
    "email": "AARON@WAKEBOARD.COM.MY",
    "address": "20TREES, AP 7-3-2",
    "city": "SELANGOR",
    "postal": "53100",
    "priority": 1
  },
  {
    "lat": "41.305459",
    "lng": "-85.6909231",
    "id": 9433734,
    "name": "Pro Wake Watersports, Inc.",
    "phone": "5748341334",
    "email": "admin@prowakewatersports.com",
    "address": "4780 N. SR 13",
    "state": "IN",
    "city": "Leesburg",
    "postal": "46538",
    "priority": 1
  },
  {
    "lat": "34.2540369",
    "lng": "-84.0817148",
    "id": 9433735,
    "name": "Pull Watersports",
    "phone": "770-881-7808",
    "email": "jenny@pullwatersports.com",
    "address": "3040 Keith Bridge Rd",
    "state": "GA",
    "city": "Cumming",
    "postal": "30041",
    "priority": 1
  },
  {
    "lat": "47.3335806",
    "lng": "9.1314649",
    "id": 9433736,
    "name": "RAZZLE DAZZLE DISTRIBUTION",
    "phone": "41712232424",
    "email": "INFO@RAZZLEDAZZLE.CH",
    "address": "STEIGSTRASSE 3",
    "country": "Switzerland",
    "state": "SG",
    "city": "BRUNNADERN",
    "postal": "9125",
    "priority": 1
  },
  {
    "lat": "44.4736774",
    "lng": "-103.7982247",
    "id": 9433737,
    "name": "Recreation Station",
    "phone": "605-717-4386",
    "web": "http:\/\/recstation.net",
    "webdisplay": "recstation.net",
    "schedule": "Mon-Fri 8:30am-6pm",
    "address": "3595 E Colorado Blvd",
    "country": "USA",
    "state": "SD",
    "city": "Spearfish",
    "postal": "57783",
    "priority": 1
  },
  {
    "lat": "41.672382",
    "lng": "-85.028482",
    "id": 9433738,
    "name": "Ride The Wave",
    "phone": "260-833-6754 \/ 866-490-7433",
    "email": "sales@ridewatersports.com",
    "address": "2060 N 200 W",
    "state": "IN",
    "city": "ANGOLA",
    "postal": "46703",
    "priority": 1
  },
  {
    "lat": "29.9002671",
    "lng": "-95.4459101",
    "id": 9433739,
    "name": "RINKER'S BOAT WORLD OF HOUSTON",
    "phone": "(281) 847-0064",
    "email": "tina@RINKERSBOATWORLD.COM",
    "address": "2500 WEST MOUNT HOUSTON RD",
    "state": "TX",
    "city": "HOUSTON",
    "postal": "77038",
    "priority": 1
  },
  {
    "lat": "50.2885827",
    "lng": "-107.842419",
    "id": 9433740,
    "name": "Robertson Motorsports",
    "phone": "306-773-4144",
    "address": "2165 North Service Rd W",
    "state": "SK",
    "city": "Swift Current",
    "postal": "S9H 5K9",
    "priority": 1
  },
  {
    "lat": "35.7102543",
    "lng": "-80.2674385",
    "id": 9433741,
    "name": "Rock Outdoors",
    "phone": "336-793-4690",
    "email": "mshuskey@rockoutdoors.com",
    "web": "https:\/\/www.rockoutdoors.com",
    "webdisplay": "www.rockoutdoors.com",
    "schedule": "Monday thru Saturday 8:30am to 6:00pm, \r<br>Sunday 10:00am to 5:00 pm",
    "address": "7440 NC Hwy 8",
    "country": "USA",
    "state": "NC",
    "city": "Lexington",
    "postal": "27292",
    "priority": 1
  },
  {
    "lat": "38.3240631",
    "lng": "-104.7440391",
    "id": 9433742,
    "name": "Rocky Mountain Boat Co",
    "phone": "719-547-3100",
    "email": "nick@romoboco.com",
    "address": "290 S. McCulloch Blvd.",
    "state": "CO",
    "city": "Pueblo West",
    "postal": "81007",
    "priority": 1
  },
  {
    "lat": "37.1660789",
    "lng": "-113.4254056",
    "id": 9433743,
    "name": "Rogers Performance Marine",
    "phone": "435.656.5811",
    "address": "140 N. Hwy 91",
    "state": "UT",
    "city": "Hurricane",
    "postal": "84737",
    "priority": 1
  },
  {
    "lat": "1.4154709",
    "lng": "103.8990751",
    "id": 9433744,
    "name": "Ryders Boatworks",
    "phone": "+65 6386 3891",
    "email": "rydersatponggol@gmail.com",
    "address": "600 Punggol 17th Avenue",
    "address2": "Marina Country Club",
    "state": "Singapore",
    "city": "Singapore",
    "postal": "829734",
    "priority": 1
  },
  {
    "lat": "55.1850117",
    "lng": "-118.7959726",
    "id": 9433745,
    "name": "S3 Boardshop",
    "phone": "780-539-6262",
    "address": "9815-116 St",
    "country": "Canada",
    "state": "AB",
    "city": "Grande Prairie",
    "postal": "T8W 0C7",
    "priority": 1
  },
  {
    "lat": "30.489151",
    "lng": "-97.7300008",
    "id": 9433746,
    "name": "Saddle Rock Sports",
    "phone": "512-953-9963",
    "email": "info@saddlerocksports.com",
    "fax": "512-953-9963",
    "web": "http:\/\/www.saddlerocksports.com",
    "webdisplay": "www.saddlerocksports.com",
    "schedule": "Tue - Sat 10a-6p",
    "address": "15912 Ranch Road 620 N",
    "address2": "STE 202",
    "country": "USA",
    "state": "TX",
    "city": "Austin",
    "postal": "78717",
    "priority": 1
  },
  {
    "lat": "52.173474",
    "lng": "-106.6704332",
    "id": 9433747,
    "name": "Saskatoon Watersports",
    "phone": "(866) 965.2628",
    "address": "3535 IDLYWYLD DRIVE",
    "state": "SK",
    "city": "SASKATOON",
    "postal": "S7L 6B5",
    "priority": 1
  },
  {
    "lat": "45.7488048",
    "lng": "-108.6132801",
    "id": 9433748,
    "name": "SCHEELS - BILLINGS",
    "address": "1121 SHILOH CROSSING BLVD.",
    "state": "MT",
    "city": "BILLING",
    "postal": "59102-0000",
    "priority": 1
  },
  {
    "lat": "33.0752404",
    "lng": "-96.8591259",
    "id": 9433749,
    "name": "SCHEELS - COLONY TEXAS",
    "email": "co_ap@scheels.com",
    "address": "4450 DESTINATION DRIVE",
    "state": "TX",
    "city": "THE COLONY",
    "postal": "75056",
    "priority": 1
  },
  {
    "lat": "48.2062577",
    "lng": "-101.3116721",
    "id": 9433750,
    "name": "SCHEELS - DAKOTA SQUARE MALL",
    "phone": "(701) 852-1010",
    "email": "invoicesds@scheels.com",
    "address": "2400  10TH ST SW",
    "state": "ND",
    "city": "MINOT",
    "postal": "58701",
    "priority": 1
  },
  {
    "lat": "41.5699285",
    "lng": "-93.8041654",
    "id": 9433751,
    "name": "SCHEELS - DES MOINES",
    "phone": "(515) 727-4065",
    "email": "invoicesdm@scheels.com",
    "address": "101 JORDAN CREEK PARKWAY",
    "state": "IA",
    "city": "WEST DES MOINES",
    "postal": "50266",
    "priority": 1
  },
  {
    "lat": "44.7743459",
    "lng": "-91.4405997",
    "id": 9433752,
    "name": "SCHEELS - EAU CLAIRE",
    "phone": "(715) 833-1886",
    "email": "invoicesea@scheels.com",
    "address": "4710 GOLF ROAD",
    "state": "WI",
    "city": "EAU CLAIRE",
    "postal": "54701",
    "priority": 1
  },
  {
    "lat": "44.8532151",
    "lng": "-93.4260176",
    "id": 9433753,
    "name": "SCHEELS - EDEN PRAIRIE",
    "email": "INVOICESEN@SCHEELS.COM",
    "address": "8301 FLYING CLOUD DRIVE",
    "state": "MN",
    "city": "EDEN PRAIRIE",
    "postal": "55344",
    "priority": 1
  },
  {
    "lat": "46.8573977",
    "lng": "-96.8645232",
    "id": 9433754,
    "name": "SCHEELS - FARGO",
    "phone": "(701) 298-2918",
    "email": "BANK.CHRIS@YAHOO.COM",
    "address": "1551   45TH STREET SOUTH",
    "state": "ND",
    "city": "FARGO",
    "postal": "58103-0000",
    "priority": 1
  },
  {
    "lat": "47.8932314",
    "lng": "-97.071335",
    "id": 9433755,
    "name": "SCHEELS - GRAND FORKS",
    "phone": "(701) 780-9424",
    "email": "invoicesgk@scheels.com",
    "address": "2800 S COLUMBIA RD",
    "state": "ND",
    "city": "GRAND FORKS",
    "postal": "58201",
    "priority": 1
  },
  {
    "lat": "37.9690078",
    "lng": "-92.6868053",
    "id": 9433756,
    "name": "SCHEELS - IP ORDER",
    "phone": "(701) 356-8264",
    "address": "794 OPPORTUNITY ROAD",
    "state": "MO",
    "city": "CAMDENTON",
    "postal": "65020",
    "priority": 1
  },
  {
    "lat": "40.4045216",
    "lng": "-104.9795928",
    "id": 9433757,
    "name": "SCHEELS - JOHNSTOWN",
    "email": "invoicesjo@scheels.com",
    "address": "4755 RONALD REAGAN BLVD.",
    "state": "CO",
    "city": "JOHNSTOWN",
    "postal": "80534",
    "priority": 1
  },
  {
    "lat": "46.7983362",
    "lng": "-100.7846469",
    "id": 9433758,
    "name": "SCHEELS - KIRKWOOD",
    "phone": "(701) 255-7255",
    "address": "800 KIRKWOOD MALL",
    "state": "ND",
    "city": "BISMARCK",
    "postal": "58504-5721",
    "priority": 1
  },
  {
    "lat": "44.0970115",
    "lng": "-103.1841889",
    "id": 9433759,
    "name": "SCHEELS - RAPID CITY",
    "phone": "(605) 342-9033",
    "address": "1225 EGLIN ST",
    "state": "SD",
    "city": "RAPID CITY",
    "postal": "57701",
    "priority": 1
  },
  {
    "lat": "39.53063",
    "lng": "-119.7217907",
    "id": 9433760,
    "name": "SCHEELS - RENO SPARKS",
    "phone": "(775) 331-2700",
    "address": "1200 SCHEELS DRIVE",
    "state": "NV",
    "city": "SPARKS",
    "postal": "89434-0000",
    "priority": 1
  },
  {
    "lat": "44.1730129",
    "lng": "-93.9555642",
    "id": 9433761,
    "name": "SCHEELS - RIVER HILLS",
    "phone": "(507) 386-7767",
    "email": "invoicesrh@scheels.com",
    "address": "1850 ADAMS STREET, SUITE 6",
    "state": "MN",
    "city": "MANKATO",
    "postal": "56001",
    "priority": 1
  },
  {
    "lat": "44.0057368",
    "lng": "-92.4797351",
    "id": 9433762,
    "name": "SCHEELS - ROCHESTER",
    "phone": "(507) 281-2444",
    "email": "INVOICESRO@SCHEELS.COM",
    "address": "1220 12TH STREET SW STE 90",
    "state": "MN",
    "city": "ROCHESTER",
    "postal": "55902",
    "priority": 1
  },
  {
    "lat": "40.6195309",
    "lng": "-111.8906891",
    "id": 9433763,
    "name": "SCHEELS - SANDY",
    "phone": "(801) 948-7080",
    "address": "11282 S STATE STREET",
    "state": "UT",
    "city": "SANDY",
    "postal": "84070-0000",
    "priority": 1
  },
  {
    "lat": "43.5127884",
    "lng": "-96.7518248",
    "id": 9433764,
    "name": "SCHEELS - SIOUX FALLS",
    "phone": "(605) 334-7767",
    "address": "2101 WEST 41ST STREET",
    "state": "SD",
    "city": "SIOUX FALLS",
    "postal": "57105-0000",
    "priority": 1
  },
  {
    "lat": "45.5558928",
    "lng": "-94.211651",
    "id": 9433765,
    "name": "SCHEELS - ST CLOUD",
    "phone": "(701) 356-8288",
    "email": "invoicessc@scheels.com",
    "address": "30 N WAITE AVE STE 94",
    "state": "MN",
    "city": "SAINT CLOUD",
    "postal": "56301",
    "priority": 1
  },
  {
    "lat": "42.875518",
    "lng": "-77.272139",
    "id": 9433766,
    "name": "Seager Marine ",
    "phone": "(585) 394-1372",
    "email": "robert@seagermarine.com",
    "web": "http:\/\/www.seagermarineproshop.com\/",
    "webdisplay": "www.seagermarineproshop.com\/",
    "schedule": "9am-5pm Monday-Saturday",
    "address": "811 South Main St.",
    "country": "USA",
    "state": "NY",
    "city": "Canandaigua",
    "postal": "14424",
    "priority": 1
  },
  {
    "lat": "37.8398771",
    "lng": "-96.7788928",
    "id": 9433767,
    "name": "Shady Creek Marina",
    "phone": "800-530-5138",
    "email": "mike@shadycreek.com",
    "address": "1000 NE Marina Rd",
    "state": "KS",
    "city": "El Dorado",
    "postal": "67042",
    "priority": 1
  },
  {
    "lat": "36.333506",
    "lng": "-84.0355664",
    "id": 9433768,
    "name": "SHANGHAI RESORT",
    "phone": "(423) 562-7651",
    "email": "info@shanghairesort.com",
    "address": "1042 SHANGHAI RD",
    "state": "TN",
    "city": "LA FOLLETTE",
    "postal": "37766",
    "priority": 1
  },
  {
    "lat": "47.6994613",
    "lng": "-117.4120666",
    "id": 9433769,
    "name": "SHRED",
    "phone": "(509) 325-1620",
    "email": "SPORTSOUTLET@CS.COM",
    "address": "4505 N DIVISION ST",
    "state": "WA",
    "city": "SPOKANE",
    "postal": "99207",
    "priority": 1
  },
  {
    "lat": "51.0006809",
    "lng": "-114.0514105",
    "id": 9433770,
    "name": "Shuswap Ski & Board",
    "phone": "403-255-0045",
    "address": "521-58 Ave SE",
    "state": "AB",
    "city": "Calgary",
    "postal": "T2H0P7",
    "priority": 1
  },
  {
    "lat": "50.835805",
    "lng": "-118.987804",
    "id": 9433771,
    "name": "Shuswap Ski & Board",
    "phone": "250-836-0081",
    "address": "302 Main Street",
    "state": "BC",
    "city": "Sicamous",
    "postal": "V0E2v0",
    "priority": 1
  },
  {
    "lat": "56.7376457",
    "lng": "-111.3825032",
    "id": 9433772,
    "name": "SK8 LAB",
    "phone": "(778) 227-7018",
    "email": "SK8LABYMM@GMAIL.COM",
    "address": "1 C.A. KNIGHT WAY",
    "state": "AB",
    "city": "FOR  MCMURRAY",
    "postal": "T9H5C5",
    "priority": 1
  },
  {
    "lat": "30.4629806",
    "lng": "-97.8153321",
    "id": 9433773,
    "name": "SKI DOCK",
    "phone": "(512) 918-2628",
    "email": "THAD@SKIDOCK.COM",
    "address": "12234 HWY 620N",
    "state": "TX",
    "city": "AUSTIN",
    "postal": "78750",
    "priority": 1
  },
  {
    "lat": "46.3375174",
    "lng": "-74.2200672",
    "id": 9433774,
    "name": "SKI GARCEAU",
    "phone": "(819) 424-4189",
    "email": "MARTIN@SKIGARCEAU.COM",
    "address": "190B CHEMIN DU LAC-BLANC",
    "state": "QC",
    "city": "SAINT-DONAT-DE-MONTCAIM",
    "postal": "J0T2C0",
    "priority": 1
  },
  {
    "lat": "41.145099",
    "lng": "-74.3461463",
    "id": 9433775,
    "name": "SKI HAVEN MARINE, LLC",
    "phone": "(973) 728-1681",
    "email": "BOATS@SKIHAVENMARINE.COM",
    "address": "1880 GREENWOOD LAKE TPK.",
    "state": "NJ",
    "city": "HEWITT",
    "postal": "7421",
    "priority": 1
  },
  {
    "lat": "33.3540873",
    "lng": "-86.5186379",
    "id": 9433776,
    "name": "Skier's Marine",
    "phone": "205-678-9099",
    "email": "rett@skiersmarine.com",
    "address": "10171 Highway 280",
    "state": "AL",
    "city": "Westover",
    "postal": "35147",
    "priority": 1
  },
  {
    "lat": "32.7439122",
    "lng": "-85.7866481",
    "id": 9433777,
    "name": "Skier's Marine Lake Martin",
    "email": "ryan@skiersmarine.com",
    "address": "6905 Highway 49 S.",
    "state": "AL",
    "city": "Dadeville",
    "postal": "36853",
    "priority": 1
  },
  {
    "lat": "34.7920273",
    "lng": "-87.0456034",
    "id": 9433778,
    "name": "Skier's Marine North",
    "phone": "256-867-4226",
    "email": "kit@skiersmarine.com",
    "address": "15493 Highway 72",
    "state": "AL",
    "city": "Athens",
    "postal": "35611",
    "priority": 1
  },
  {
    "lat": "37.1438755",
    "lng": "-79.6702405",
    "id": 9433779,
    "name": "Smith Mountain Wake Company",
    "phone": "540-721-9253",
    "email": "khayes@smwake.com",
    "address": "16440 Booker T Washington HWY",
    "state": "VA",
    "city": "Smith Mountain Lake",
    "postal": "24121",
    "priority": 1
  },
  {
    "lat": "35.2384015",
    "lng": "-80.9222931",
    "id": 9433780,
    "name": "SOUTHTOWN BOARDSPORTS",
    "phone": "(704) 837-0950",
    "email": "JOECANADY@SOUTHTOWNBOARDSPORTS.COM",
    "address": "3333 SCOTT FUTRELL DRIVE",
    "state": "NC",
    "city": "CHARLOTTE",
    "postal": "28208",
    "priority": 1
  },
  {
    "lat": "45.341565",
    "lng": "-72.785525",
    "id": 9433781,
    "name": "Sport Marine",
    "phone": "450-777-1101",
    "address": "124 Rue Authier",
    "state": "QC",
    "city": "St-Alphonse de Granby",
    "postal": "J0E2A0",
    "priority": 1
  },
  {
    "lat": "46.8290033",
    "lng": "-71.2789274",
    "id": 9433782,
    "name": "Sport Radical",
    "phone": "418-684-0600",
    "address": "325 Marais Suite 190",
    "state": "QC",
    "city": "Quebec City",
    "postal": "G1M3R3",
    "priority": 1
  },
  {
    "lat": "46.2120191",
    "lng": "-119.2251037",
    "id": 9433783,
    "name": "SPORTHAUS NW, INC.",
    "phone": "(509) 735-7555",
    "email": "BART@SPORTHAUSNW.COM",
    "address": "326 N COLUMBIA CTR BLVD.",
    "state": "WA",
    "city": "KENNEWICK",
    "postal": "99336",
    "priority": 1
  },
  {
    "lat": "48.2346427",
    "lng": "-114.3288819",
    "id": 9433784,
    "name": "SPORTSMAN & SKI HAUS",
    "phone": "(406) 755-6484",
    "email": "DSCHMIDT@SPORTSMANSKIHAUS.COM",
    "address": "145 HUTTON RANCH ROAD",
    "state": "MT",
    "city": "KALISPELL",
    "postal": "59901",
    "priority": 1
  },
  {
    "lat": "45.3977312",
    "lng": "-92.5891399",
    "id": 9433785,
    "name": "St. Croix Dock",
    "phone": "715-483-7235",
    "email": "info@stcroixdock.com",
    "address": "2091 US Highway 8",
    "state": "WI",
    "city": "St Croix Falls",
    "postal": "54024",
    "priority": 1
  },
  {
    "lat": "38.7731595",
    "lng": "-90.3564051",
    "id": 9433786,
    "name": "STATEAMIND WATER SPORTS",
    "phone": "314-731-3795",
    "email": "boats@stateamind.com",
    "address": "122 Ford Lane",
    "state": "MO",
    "city": "Hazelwood",
    "postal": "63042",
    "priority": 1
  },
  {
    "lat": "34.516429",
    "lng": "-82.768402",
    "id": 9433787,
    "name": "Strickland Marine",
    "phone": "864-225-0145",
    "email": "chris@stricklandmarine.com",
    "address": "4520 Highway 24",
    "state": "SC",
    "city": "Anderson",
    "postal": "29626",
    "priority": 1
  },
  {
    "lat": "43.9691188",
    "lng": "-70.6043418",
    "id": 9433788,
    "name": "Sun Sports",
    "phone": "207-693-3867",
    "address": "894 Roosevelt Trail",
    "address2": "On the Naples Causeway",
    "state": "ME",
    "city": "Naples",
    "postal": "4055",
    "priority": 1
  },
  {
    "lat": "39.10289",
    "lng": "-108.628846",
    "id": 9433789,
    "name": "Sundance Marine",
    "phone": "970-243-4333",
    "email": "gus@sundancemarine.com",
    "web": "http:\/\/www.sundancemarine.com",
    "webdisplay": "sundancemarine.com",
    "schedule": "Mon-Sat 9AM to 5PM",
    "address": "2291 Tall Grass Dr.",
    "country": "USA",
    "state": "CO",
    "city": "Grand Junction",
    "postal": "81505",
    "priority": 1
  },
  {
    "lat": "55.5749993",
    "lng": "37.5827183",
    "id": 9433790,
    "name": "Sunday Surfer",
    "address": "36-3-15 Starobitcevskaya Str",
    "state": "Russia",
    "city": "Moscow",
    "postal": "117628",
    "priority": 1
  },
  {
    "lat": "50.4088798",
    "lng": "-104.6172263",
    "id": 9433791,
    "name": "Sunshine and Ski",
    "phone": "306-584-2255",
    "email": "briansampson@sasktel.net",
    "address": "4403 Albert Street",
    "state": "SK",
    "city": "Regina",
    "postal": "S4S6B6",
    "priority": 1
  },
  {
    "lat": "36.9025445",
    "lng": "-111.4617044",
    "id": 9433792,
    "name": "Surf Lake Powell",
    "description": "We rent Wake Surf boats, Sea Doos, WakeSurfboard rentals and sales.",
    "phone": "928-660-3324",
    "email": "rent@surflakepowell.com",
    "web": "http:\/\/www.surflakepowell.com",
    "webdisplay": "www.surflakepowell.com",
    "schedule": "8-5 daily",
    "address": "508 Haul Rd",
    "country": "USA",
    "state": "AZ",
    "city": "Page",
    "postal": "86040",
    "priority": 1
  },
  {
    "lat": "45.369167",
    "lng": "-75.7720255",
    "id": 9433793,
    "name": "Surf Side",
    "phone": "613 726-7873",
    "email": "alex@surfsideonline.com",
    "web": "http:\/\/surfsideonline.com",
    "webdisplay": "surfsideonline.com",
    "schedule": "10-6,Thurs\/Fri 10-9, Sun 11-5.",
    "marker_image": "https:\/\/creatorexport.zoho.com\/zapdan\/phase-5-dealer-locations\/P5_Store_Locator_Info_Report\/722605000006332007\/Logo\/download\/1525971863308_SurfSIdelogo.png",
    "address": "544 Bronson Av.",
    "country": "Canada",
    "state": "ON",
    "city": "Ottawa",
    "postal": "K1R 6J9",
    "priority": 1
  },
  {
    "lat": "45.114212",
    "lng": "-79.5835667",
    "id": 9433794,
    "name": "SWS BOATWORKS, INC",
    "phone": "(705) 706-3828",
    "email": "VAL@SWSMUSKOKA.COM",
    "address": "9 LEE VALLEY DR.",
    "state": "ON",
    "city": "PORT CARLING",
    "postal": "P0B1J0",
    "priority": 1
  },
  {
    "lat": "50.5152375",
    "lng": "-116.0242117",
    "id": 9433795,
    "name": "Syndicate Boardshop",
    "phone": "250-342-3839",
    "address": "280 Laurier St",
    "state": "BC",
    "city": "Invermere",
    "postal": "V0A 1K0",
    "priority": 1
  },
  {
    "lat": "39.1723884",
    "lng": "-120.1380907",
    "id": 9433796,
    "name": "Tahoe Marine Supply",
    "phone": "530-583-0925",
    "email": "Tahoemarinesupply@gmail.com",
    "address": "700 North Lake blvd",
    "state": "CA",
    "city": "Tahoe City",
    "postal": "96145",
    "priority": 1
  },
  {
    "lat": "40.505435",
    "lng": "-111.8974028",
    "id": 9433797,
    "name": "Taylor Boats",
    "phone": "801-572-3999",
    "address": "13524 South 200 West",
    "state": "UT",
    "city": "Draper",
    "postal": "84020",
    "priority": 1
  },
  {
    "lat": "41.0300331",
    "lng": "-111.9488739",
    "id": 9433798,
    "name": "TAYLOR'S NORTH",
    "phone": "(801) 572-3999",
    "email": "PARTS@TAYLORSBOATS.COM",
    "address": "443 DESERETTE DR, SUITE C",
    "state": "UT",
    "city": "KAYSVILLE",
    "postal": "84037",
    "priority": 1
  },
  {
    "lat": "37.1195107",
    "lng": "-113.5212463",
    "id": 9433799,
    "name": "TAYLORS BOATS",
    "phone": "(801) 572-3999",
    "email": "JOSH.ANGEL@TAYLORSBOATS.COM",
    "address": "653 N 3050 E",
    "state": "UT",
    "city": "ST GEORGE",
    "postal": "84790",
    "priority": 1
  },
  {
    "lat": "32.7902736",
    "lng": "-97.2136663",
    "id": 9433800,
    "name": "Texas Mastercraft",
    "phone": "817-589-7547",
    "email": "proshop@TexasMastercraft.com",
    "address": "2177 E Loop 820 N",
    "state": "TX",
    "city": "Fort Worth",
    "postal": "76118",
    "priority": 1
  },
  {
    "lat": "42.5927957",
    "lng": "-88.4349833",
    "id": 9433801,
    "name": "The Board Shop",
    "phone": "(262) 248-1703",
    "address": "269 Broad St",
    "state": "WI",
    "city": "Lake Geneva",
    "postal": "53147",
    "priority": 1
  },
  {
    "lat": "49.996685",
    "lng": "-110.6430511",
    "id": 9433802,
    "name": "The Boarding House",
    "phone": "1 403-529-5420",
    "email": "sales@boardinghouse.ca",
    "web": "https:\/\/shop.boardinghouse.ca",
    "webdisplay": "shop.boardinghouse.ca",
    "schedule": "Wednesday\t10AM–6PM\r<br>Thursday\t10AM–6PM\r<br>Friday\t10AM–8PM\r<br>Saturday\t10AM–8PM\r<br>Sunday\t12–5PM\r<br>Monday (Victoria Day)\r<br>12–5PM\r<br>Hours might differ\r<br>Tuesday\t10AM–6PM",
    "address": "2010 Strachan Rd SE #2",
    "country": "Canada",
    "state": "AB",
    "city": "Medicine Hat",
    "postal": "T1B 0M9",
    "priority": 1
  },
  {
    "lat": "1.3292743",
    "lng": "103.8902034",
    "id": 9433803,
    "name": "THE BOARDSHOP - ASIA",
    "phone": "6587660738",
    "email": "MIKE@THE-BOARD-SHOP.COM",
    "address": "160 PAYA LEBAR ROAD, #07-08",
    "city": "SINGAPORE",
    "postal": "409022",
    "priority": 1
  },
  {
    "lat": "40.3325478",
    "lng": "-111.7431063",
    "id": 9433804,
    "name": "THE BOAT SHACK",
    "phone": "(801) 224-6333",
    "email": "TIM@BOAT-SHACK.COM",
    "address": "307 S 1250 W",
    "state": "UT",
    "city": "LINDON",
    "postal": "84042",
    "priority": 1
  },
  {
    "lat": "41.423316",
    "lng": "-75.204286",
    "id": 9433805,
    "name": "The Boat Shop",
    "phone": "570-226-4062",
    "email": "royjr@paboatshop.com",
    "address": "125 Boat Shop Road",
    "state": "PA",
    "city": "Taftton",
    "postal": "18464",
    "priority": 1
  },
  {
    "lat": "43.1203087",
    "lng": "-111.0236116",
    "id": 9433806,
    "name": "THE BOAT SHOP - ALPINE",
    "phone": "(307) 203-7118",
    "email": "BOATSHOPALPINE@GMAIL.COM",
    "address": "133 RED TAIL PATH",
    "state": "WY",
    "city": "ALPINE",
    "postal": "83128",
    "priority": 1
  },
  {
    "lat": "34.2505099",
    "lng": "-83.9718218",
    "id": 9433807,
    "name": "THE BOAT SHOP - GA",
    "phone": "(770) 889-7727",
    "email": "VINNY@LAKELANIERBOATSHOP.COM",
    "address": "8615 BROWNS BRIDGE ROAD",
    "state": "GA",
    "city": "GAINESVILLE",
    "postal": "30506",
    "priority": 1
  },
  {
    "lat": "49.282839",
    "lng": "-124.919415",
    "id": 9433808,
    "name": "THE FISH & DUCK PUB LTD",
    "phone": "(250) 735-0943",
    "email": "FISHANDDUCKRESORT@GMAIL.COM",
    "address": "8571 BOTHWELL RD.",
    "state": "BC",
    "city": "PORT ALBERNI",
    "postal": "V9Y9B6",
    "priority": 1
  },
  {
    "lat": "45.030552",
    "lng": "-93.0942139",
    "id": 9433809,
    "name": "The House",
    "phone": "651-482-9995",
    "address": "200 S. Owasso BLVD E",
    "state": "MN",
    "city": "Saint Paul",
    "postal": "55117",
    "priority": 1
  },
  {
    "lat": "26.9527418",
    "lng": "-80.0855581",
    "id": 9433810,
    "name": "The Kite Shop",
    "phone": "561-427-0240",
    "email": "customersupport@jupiterkiteboarding.com",
    "web": "http:\/\/jupiterkiteboarding.com",
    "webdisplay": "jupiterkiteboarding.com",
    "schedule": "10am - 5pm",
    "address": "1500 N. US HWY 1",
    "country": "USA",
    "state": "FL",
    "city": "Jupiter",
    "postal": "33469",
    "priority": 1
  },
  {
    "lat": "52.3110773",
    "lng": "-114.1038946",
    "id": 9433811,
    "name": "THE LAUNCH OF SYLVAN LAKE",
    "phone": "(403) 864-2628",
    "web": "http:\/\/thelaunchsylvan.ca\/",
    "address": "5220 Lakeshore Dr",
    "country": "Canada",
    "state": "AB",
    "city": "Sylvan Lake",
    "postal": "T4S 1E8",
    "priority": 1
  },
  {
    "lat": "33.0818441",
    "lng": "-97.0247267",
    "id": 9433812,
    "name": "THE SLALOM SHOP",
    "phone": "(972) 221-9091",
    "email": "BRYANH@SLALOMSHOP.COM",
    "address": "2908 N STEMMONS FREEWAY",
    "state": "TX",
    "city": "LEWISVILLE",
    "postal": "75077",
    "priority": 1
  },
  {
    "lat": "33.0819195",
    "lng": "-97.0247981",
    "id": 9433813,
    "name": "The Slalom Shop Boats and Yachts",
    "phone": "972-221-9091",
    "email": "bryanh@slalomshop.com",
    "fax": "972-420-0597",
    "web": "http:\/\/www.slalomshop.com",
    "webdisplay": "www.slalomshop.com",
    "schedule": "Tues- Sat 9-6",
    "address": "2908 N. Stemmons Frwy",
    "country": "USA",
    "state": "TX",
    "city": "Lewisville",
    "postal": "75077",
    "priority": 1
  },
  {
    "lat": "40.5513319",
    "lng": "-111.8971633",
    "id": 9433814,
    "name": "The Wake Shop | Utah Water Sports",
    "email": "info@thewakeshop.com",
    "address": "11017 S Jordan Gateway",
    "state": "UT",
    "city": "South Jordan",
    "postal": "84095",
    "priority": 1
  },
  {
    "lat": "43.1019425",
    "lng": "-88.4949064",
    "id": 9433815,
    "name": "Tinus Marine inc.",
    "phone": "(262) 567-7533",
    "email": "ozkar128@yahoo.com",
    "address": "307 E Forest St",
    "state": "WI",
    "city": "Oconomowoc",
    "postal": "53066",
    "priority": 1
  },
  {
    "lat": "36.3040007",
    "lng": "-86.6440778",
    "id": 9433816,
    "name": "TNT Watersports",
    "phone": "615-826-2655",
    "email": "info@tntwatersports.com",
    "address": "788 West Main St.",
    "state": "TN",
    "city": "Hendersonville",
    "postal": "37075",
    "priority": 1
  },
  {
    "lat": "34.50035",
    "lng": "-118.6247593",
    "id": 9433817,
    "name": "TOMMY'S - CASTAIC",
    "address": "31970 CASTAIC RD.",
    "state": "CA",
    "city": "CASTAIC",
    "postal": "91384",
    "priority": 1
  },
  {
    "lat": "35.1206825",
    "lng": "-85.123908",
    "id": 9433818,
    "name": "TOMMY'S CHATTANOOGA, LLC",
    "phone": "(423) 508-8120",
    "address": "6200 HWY 58 STE A",
    "state": "TN",
    "city": "HARRISON",
    "postal": "37341",
    "priority": 1
  },
  {
    "lat": "39.7782656",
    "lng": "-105.1429203",
    "id": 9433819,
    "name": "Tommy's Colorado",
    "phone": "303-455-3091",
    "email": "jarrett@gettommys.com",
    "address": "12900 W 43rd Drive",
    "state": "CO",
    "city": "Golden",
    "postal": "80403",
    "priority": 1
  },
  {
    "lat": "42.670789",
    "lng": "-83.3381607",
    "id": 9433820,
    "name": "Tommy's Detroit",
    "phone": "248-674-8800",
    "web": "http:\/\/www.gettommys.com",
    "webdisplay": "www.gettommys.com",
    "address": "2505 Dixie Hwy",
    "country": "USA",
    "city": "Waterford",
    "postal": "48328",
    "priority": 1
  },
  {
    "lat": "28.545473",
    "lng": "-81.69013",
    "id": 9433821,
    "name": "Tommy's Florida",
    "phone": "407-281-7509",
    "address": "13649 Granville Ave.",
    "address2": "Suite 5",
    "state": "FL",
    "city": "Clermont",
    "postal": "34711",
    "priority": 1
  },
  {
    "lat": "43.0360374",
    "lng": "-85.6632423",
    "id": 9433822,
    "name": "Tommy's Grand Rapids",
    "phone": "616-288-7509",
    "address": "4022 West River Dr.",
    "state": "MI",
    "city": "Comstock Park",
    "postal": "49321",
    "priority": 1
  },
  {
    "lat": "35.9075717",
    "lng": "-84.1421053",
    "id": 9433823,
    "name": "TOMMY'S KNOXVILLE, LLC",
    "phone": "(865) 671-2890",
    "address": "10630 LEXINGTON DR.",
    "state": "TN",
    "city": "KNOXVILLE",
    "postal": "37932",
    "priority": 1
  },
  {
    "lat": "36.0344344",
    "lng": "-115.0019709",
    "id": 9433824,
    "name": "TOMMY'S LAS VEGAS",
    "phone": "(702) 293-1122",
    "address": "615 W. LAKE MEAD PARKWAY",
    "state": "NV",
    "city": "HENDERSON",
    "postal": "89015",
    "priority": 1
  },
  {
    "lat": "45.2633797",
    "lng": "-84.9336151",
    "id": 9433825,
    "name": "Tommy's Michigan",
    "phone": "231-535-6039",
    "address": "4069 N M-75",
    "state": "MI",
    "city": "Walloon Lake",
    "postal": "49796",
    "priority": 1
  },
  {
    "lat": "33.4074017",
    "lng": "-111.8324516",
    "id": 9433826,
    "name": "TOMMY'S PHOENIX, LLC",
    "phone": "(480) 374-4400",
    "address": "33 W BROADWAY",
    "state": "AZ",
    "city": "Mesa",
    "postal": "85210",
    "priority": 1
  },
  {
    "lat": "44.5294245",
    "lng": "-78.3253098",
    "id": 9433827,
    "name": "Town & Country Marine",
    "phone": "705-657-1299",
    "email": "parts@tcmarine.com",
    "address": "2983 Buckhorn Rd.",
    "state": "ON",
    "city": "Lakefield",
    "postal": "K0L2H0",
    "priority": 1
  },
  {
    "lat": "29.043814",
    "lng": "-81.9274058",
    "id": 9433828,
    "name": "Transition Watersports",
    "phone": "352-288-9905",
    "email": "tws@embarqmail.com",
    "address": "12865 SE HWY 25",
    "state": "FL",
    "city": "Oaklawaha",
    "postal": "32179",
    "priority": 1
  },
  {
    "lat": "45.4769748",
    "lng": "-75.7786196",
    "id": 9433829,
    "name": "TRIBU BY MPM",
    "phone": "(819) 431-0009",
    "email": "mpmorin@groupegrenier.ca",
    "address": "961 BOUL. TRIBU BY MPMST JOSEPH",
    "state": "QC",
    "city": "GATINEAU",
    "postal": "J8Z1W8",
    "priority": 1
  },
  {
    "lat": "46.8756704",
    "lng": "-96.8206243",
    "id": 9433830,
    "name": "U Motors Inc.",
    "phone": "701-232-5000",
    "address": "2600 Main Ave",
    "state": "ND",
    "city": "Fargo",
    "postal": "58103",
    "priority": 1
  },
  {
    "lat": "47.548671",
    "lng": "-122.0431199",
    "id": 9433831,
    "name": "Union Marine ",
    "phone": "(425) 230-4888",
    "schedule": "9am -6pm",
    "address": "6010 221st Pl SE",
    "state": "WA",
    "city": "Issaquah",
    "postal": "98027",
    "priority": 1
  },
  {
    "lat": "47.6510208",
    "lng": "-122.3236426",
    "id": 9433832,
    "name": "UNION MARINE C\/O SEA RAY SPORT YACHTS,IN",
    "phone": "(206) 284-3800",
    "email": "MIKE.M@UNIONMARINE.COM",
    "address": "3201 FAIRVIEW AVE E.",
    "state": "WA",
    "city": "SEATTLE",
    "postal": "98102",
    "priority": 1
  },
  {
    "lat": "45.7476776",
    "lng": "-73.4641502",
    "id": 9433833,
    "name": "UNIVERSE",
    "phone": "(450) 581-1095",
    "email": "jessy.da@videotron.ca",
    "address": "222 BOULEVARD BRIEN",
    "state": "QC",
    "city": "REPENTIGNY",
    "postal": "J6A7E9",
    "priority": 1
  },
  {
    "lat": "45.747828",
    "lng": "-73.463902",
    "id": 9433834,
    "name": "Universe Board Shop",
    "phone": "450-581-1095",
    "address": "222 Boulevard Brien",
    "state": "QC",
    "city": "Repentigny",
    "postal": "J6A7E9",
    "priority": 1
  },
  {
    "lat": "40.3272836",
    "lng": "-111.743673",
    "id": 9433835,
    "name": "UTAH WATERSPORTS OF UTAH COUNTY",
    "phone": "(801) 916-1735",
    "email": "zach@elevatedbackoffice.com",
    "address": "1664 N 400 E",
    "state": "UT",
    "city": "VINEYARD",
    "postal": "84057",
    "priority": 1
  },
  {
    "lat": "50.28147",
    "lng": "-119.2545876",
    "id": 9433836,
    "name": "Valley Marine",
    "phone": "250-549-2628",
    "address": "7238 Pleasant Valley Road",
    "state": "BC",
    "city": "Vernon",
    "postal": "V1B3R5",
    "priority": 1
  },
  {
    "lat": "41.3491112",
    "lng": "-88.808799",
    "id": 9433837,
    "name": "Wake Boats LLC",
    "phone": "8154141884",
    "email": "shaun@wakeboatsllc.com",
    "web": "http:\/\/www.wakeboatsllc.com",
    "webdisplay": "www.wakeboatsllc.com",
    "schedule": "9am - 5pm Central time Tuesday - Saturday\r<br>Closed Sunday and Monday",
    "address": "N 2871st Rd",
    "address2": "Suite 3",
    "country": "USA",
    "state": "IL",
    "city": "Ottawa",
    "postal": "61350",
    "priority": 1
  },
  {
    "lat": "35.1188216",
    "lng": "-85.1507924",
    "id": 9433838,
    "name": "WAKE OUTFITTERS",
    "address": "9204 N HICKORY VALLEY RD.",
    "state": "TN",
    "city": "CHATTANOOGA",
    "postal": "37416",
    "priority": 1
  },
  {
    "lat": "37.0261396",
    "lng": "27.4417245",
    "id": 9433839,
    "name": "WAKE UP WATERSPORTS LTD",
    "address": "GOLTURKBUKU MH ATATURK CD",
    "city": "BODRUM",
    "postal": "48400",
    "priority": 1
  },
  {
    "lat": "38.0339044",
    "lng": "-85.3055165",
    "id": 9433840,
    "name": "WakeAction",
    "phone": "866-581-9133",
    "email": "patty@wakeaction.com",
    "address": "12 Highview DR",
    "state": "KY",
    "city": "Taylorsville",
    "postal": "40071",
    "priority": 1
  },
  {
    "lat": "47.1662485",
    "lng": "8.5162023",
    "id": 9433841,
    "name": "Wakeandy",
    "description": "Online Store always open. ",
    "phone": "0041 41 761 29 29",
    "email": "info@wakeandy.ch",
    "web": "http:\/\/www.wakeandy.ch",
    "webdisplay": "www.wakeandy.ch",
    "schedule": "Online store open 24\/7",
    "marker_image": "\/\/cdn.shopify.com\/s\/files\/1\/0070\/1582\/t\/16\/assets\/scasl_1536756343walogopant306cmittig_compact.png",
    "address": "Aegeristrasse 3",
    "country": "Switzerland",
    "state": "Zug",
    "city": "CH",
    "postal": "6300",
    "priority": 1
  },
  {
    "lat": "44.0503771",
    "lng": "-121.2967562",
    "id": 9433842,
    "name": "WakeMakers",
    "phone": "888.338.6085",
    "email": "sales@wakemakers.com",
    "address": "615 SE Glenwood Dr.",
    "address2": "Suite 120",
    "state": "OR",
    "city": "Bend",
    "postal": "97702",
    "priority": 1
  },
  {
    "lat": "33.7833203",
    "lng": "-117.8365576",
    "id": 9433843,
    "name": "Wakesports Unlimited",
    "phone": "714-363-9253",
    "email": "info@wakesports.com",
    "address": "350 S Tustin St",
    "country": "USA",
    "state": "CA",
    "city": "Orange",
    "postal": "92866",
    "priority": 1
  },
  {
    "lat": "32.7882187",
    "lng": "-116.9740936",
    "id": 9433844,
    "name": "Wakesports Unlimited",
    "phone": "858-277-5757",
    "email": "info@wakesports.com",
    "web": "http:\/\/www.wakesports.com",
    "webdisplay": "www.wakesports.com",
    "address": "689 EL CAJON BLVD",
    "country": "USA",
    "state": "CA",
    "city": "El Cajon ",
    "postal": "92020",
    "priority": 1
  },
  {
    "lat": "36.483325",
    "lng": "-77.8701",
    "id": 9433845,
    "name": "WakeSurfNC - Demo Center",
    "phone": "252-203-7000",
    "email": "wakesurfnc@gmail.com",
    "address": "381 Cross Creek Court",
    "state": "NC",
    "city": "Littleton",
    "postal": "27850",
    "priority": 1
  },
  {
    "lat": "43.4768119",
    "lng": "-71.1803366",
    "id": 9433846,
    "name": "Water Monkey Camp",
    "phone": "617-855-9253",
    "email": "evan@watermonkeycamp.com",
    "address": "298 Merrymeeting Road",
    "state": "NH",
    "city": "New Durham",
    "postal": "3855",
    "priority": 1
  },
  {
    "lat": "43.6251565",
    "lng": "-116.2433393",
    "id": 9433847,
    "name": "Water Ski Pro Shop",
    "phone": "208-336-3270",
    "address": "3725 Chinden Blvd",
    "state": "ID",
    "city": "Boise",
    "postal": "83714",
    "priority": 1
  },
  {
    "lat": "45.8211879",
    "lng": "-89.1336728",
    "id": 9433848,
    "name": "Watercraft Sales",
    "phone": "715-546-3351",
    "email": "parts@watercraftsales.com",
    "address": "7453 Highway X",
    "state": "WI",
    "city": "Three Lakes",
    "postal": "54562",
    "priority": 1
  },
  {
    "lat": "33.0721908",
    "lng": "-97.0169035",
    "id": 9433849,
    "name": "Waterski America",
    "phone": "972-620-2377",
    "address": "375 Oakridge Blvd.",
    "state": "TX",
    "city": "Lewisville",
    "postal": "75057",
    "priority": 1
  },
  {
    "lat": "32.725266",
    "lng": "-97.4959581",
    "id": 9433850,
    "name": "Waterski America Fort Worth",
    "description": "We are a satellite location from Waterski America Lewisville and also carry our own line of Phase 5 gear.",
    "phone": "817-916-8882",
    "email": "mitch@waterskiamerica.com",
    "web": "https:\/\/www.waterskiamerica.com",
    "webdisplay": "www.waterskiamerica.com",
    "schedule": "Tuesday - Friday 10 am - 6 pm Saturday 10 am - 4 pm",
    "address": "9804 Camp Bowie West Blvd",
    "country": "USA",
    "state": "TX",
    "city": "Fort worth",
    "postal": "76116",
    "priority": 1
  },
  {
    "lat": "34.153349",
    "lng": "-83.985081",
    "id": 9433851,
    "name": "Watersports Central",
    "phone": "770-831-8225",
    "email": "miked@watersportscentral.com",
    "address": "5815 Lanier Islands Pkwy",
    "state": "GA",
    "city": "Buford",
    "postal": "30518",
    "priority": 1
  },
  {
    "lat": "36.9071715",
    "lng": "-119.7943973",
    "id": 9433852,
    "name": "Watersports Marine",
    "description": "Full Line Dealership for Phase 5 Wakesurf Boards & Gear.",
    "phone": "1-559-369-6298",
    "email": "jared@watersportsfresno.com",
    "web": "http:\/\/www.watersportsfresno.com",
    "webdisplay": "www.watersportsfresno.com",
    "address": "10770 Highway 41",
    "country": "USA",
    "state": "CA",
    "city": "Madera",
    "postal": "93636",
    "priority": 1
  },
  {
    "lat": "49.7390036",
    "lng": "-95.210581",
    "id": 9433853,
    "name": "West Hawk Marine Ltd.",
    "phone": "204-349-2239",
    "email": "info@westhawkmarine.com",
    "web": "http:\/\/www.westhawkmarine.com",
    "webdisplay": "www.westhawkmarine.com",
    "schedule": "Mon-Fri (9:00am - 5:00pm)",
    "address": "Provincial Trunk Highway 44",
    "country": "Canada",
    "state": "MB",
    "city": "West Hawk Lake",
    "postal": "R0E 2H0",
    "priority": 1
  },
  {
    "lat": "36.6088329",
    "lng": "-93.6175382",
    "id": 9433854,
    "name": "WILLIAMS BROS SKI & SPORTS",
    "phone": "(417) 858-9253",
    "email": "GRANTKALKOSKE@GMAIL.COM",
    "address": "PO BOX 303",
    "state": "MO",
    "city": "SHELL KNOB",
    "postal": "65747",
    "priority": 1
  },
  {
    "lat": "36.6283051",
    "lng": "-93.4116026",
    "id": 9433855,
    "name": "Williams Bros. Ski & Sports",
    "phone": "(417) 739-9253",
    "email": "sales@williamsski.com",
    "web": "http:\/\/www.williamsskiandsports.com",
    "webdisplay": "www.williamsskiandsports.com",
    "address": "348 Nautical Circle",
    "address2": "Suite #2",
    "country": "USA",
    "state": "MO",
    "city": "Kimberling City",
    "postal": "65686",
    "priority": 1
  },
  {
    "lat": "36.6106859",
    "lng": "-93.6180997",
    "id": 9433856,
    "name": "Williams Bros. Ski & Sports",
    "phone": "(417) 858-9253",
    "email": "sales@williamsski.com",
    "web": "http:\/\/www.williamsskiandsports.com",
    "webdisplay": "www.williamsskiandsports.com",
    "address": "26063 HWY 39 S.",
    "country": "USA",
    "state": "MO",
    "city": "Shell Knob",
    "postal": "65747",
    "priority": 1
  },
  {
    "lat": "22.2676403",
    "lng": "114.2424146",
    "id": 9433857,
    "name": "Wind N Surf International Ltd.",
    "phone": "(852) 2366-9293",
    "email": "ken@xgamehk.com",
    "address": "60 Wing Tai Road",
    "address2": "1201-2, 12\/F., Chai Wan Industrial City",
    "state": "Hong Kong",
    "city": "Chai Wan",
    "priority": 1
  },
  {
    "lat": "49.8851426",
    "lng": "-97.0626546",
    "id": 9433858,
    "name": "Winnipeg Sport & Leisure",
    "phone": "204-987-5640",
    "address": "1272 Dugald Rd.",
    "state": "MB",
    "city": "Winnipeg",
    "postal": "R2J0H2",
    "priority": 1
  },
  {
    "lat": "49.8972879",
    "lng": "-119.4148547",
    "id": 9433859,
    "name": "Wizard Lake Maine, Inc.",
    "phone": "778-484-0035",
    "email": "bbuskas@wizardlakemarine.com",
    "address": "856 McCurdy Place",
    "state": "BC",
    "city": "Kelowna",
    "postal": "V1X8C8",
    "priority": 1
  },
  {
    "lat": "53.2658023",
    "lng": "-113.791211",
    "id": 9433860,
    "name": "Wizard Lake Marine",
    "phone": "780-985-4200",
    "email": "watersports@wizardlakemarine.com",
    "web": "https:\/\/www.wizardlakemarine.com",
    "webdisplay": "www.wizardlakemarine.com",
    "address": "4444-50 Ave",
    "country": "Canada",
    "state": "AB",
    "city": "Calmar",
    "postal": "T0C0V0",
    "priority": 1
  },
  {
    "lat": "43.6135009",
    "lng": "-73.2321651",
    "id": 9433861,
    "name": "WOODARD MARINE",
    "phone": "(802) 265-3690",
    "email": "ERICSPLATT@WOODARDMARINE.COM",
    "address": "615 CREEK ROAD",
    "state": "VT",
    "city": "HYDEVILLE",
    "postal": "5750",
    "priority": 1
  },
  {
    "lat": "42.8754851",
    "lng": "-77.2720785",
    "id": 9433865,
    "name": "Canandaigua Sailboard",
    "description": "Canandaigua Sailboard is a full service watersport purveyor open 4 seasons on the north end of Canandaigua Lake.",
    "phone": "585-394-8150",
    "email": "jenny@thisisneonwave.com",
    "web": "http:\/\/cdgasailboard.com",
    "webdisplay": "cdgasailboard.com",
    "schedule": "9am-8pm",
    "address": "11 Lakeshore Drive",
    "country": "USA",
    "state": "NY",
    "city": "Canandaigua",
    "postal": "14424",
    "priority": 1
  },
  {
    "lat": "47.43914950000001",
    "lng": "-120.2962457",
    "id": 9726882,
    "name": "Bob Feil Boats & Motors",
    "phone": "509-884-3558",
    "email": "bobfeil@bobfeil.com",
    "web": "https:\/\/www.bobfeil.com",
    "webdisplay": "www.bobfeil.com",
    "schedule": "Monday to Saturday 9-5pm",
    "address": "2131 Sunset Highway N",
    "country": "USA",
    "state": "WA",
    "city": "East Wenatchee",
    "postal": "98802",
    "priority": 1
  },
  {
    "lat": "33.4428194",
    "lng": "-83.2768155",
    "id": 12971030,
    "name": "The Boat Shop - Lake Oconee",
    "description": "Tues - Sat 10-5 pm  Sunday 12-5 pm",
    "phone": "706-610-2044",
    "email": "ben@theboatshops.com",
    "web": "http:\/\/www.theboatshops.com",
    "schedule": "Tues - Sat 10-5 pm  Sunday 12-5 pm",
    "address": "170 Scott Rd.",
    "address2": "Units 14-16",
    "country": "USA",
    "state": "GA",
    "city": "Eatonton",
    "postal": "31024",
    "priority": 1
  },
  {
    "lat": "36.4742335",
    "lng": "-79.1141457",
    "id": 12971031,
    "name": "Inland Boat Company at Hyco",
    "description": "Tuesday - Saturday 10am-5pm",
    "phone": "336-322-3244",
    "email": "ProShop@inlandboatcompany.com",
    "web": "http:\/\/www.inlandboatcompany.com",
    "schedule": "Tuesday - Saturday 10am-5pm",
    "address": "9470 Semora Rd.",
    "country": "USA",
    "state": "NC",
    "city": "Semora",
    "postal": "27343",
    "priority": 1
  },
  {
    "lat": "35.9134953",
    "lng": "-78.6826409",
    "id": 12971032,
    "name": "Inland Boat Company",
    "description": "Tuesday - Friday 10am - 5pm Saturday 10am - 3pm",
    "phone": "919-401-6073",
    "email": "ProShop@inlandboatcompany.com",
    "web": "https:\/\/www.inlandboatcompany.com\/",
    "schedule": "Tuesday - Friday 10am - 5pm Saturday 10am - 3pm",
    "address": "8801 Creedmoor Road",
    "country": "USA",
    "state": "NC",
    "city": "Raleigh",
    "postal": "27615",
    "priority": 1
  },
  {
    "lat": "32.2628365",
    "lng": "-95.3814203",
    "id": 12971033,
    "name": "Ski-N-Sports",
    "description": "Nautique Boat Dealer\r<br>Tues-Fri 9-5, Sat 10-2, Closed Sun-Mon",
    "phone": "903-509-1754",
    "email": "skinsports@sbcglobal.net",
    "web": "https:\/\/ski-n-sports.com\/",
    "schedule": "Tues-Fri 9-5, Sat 10-2, Closed Sun-Mon",
    "address": "15050 State Hwy 155 South",
    "country": "USA",
    "state": "TX",
    "city": "Tyler",
    "postal": "75703",
    "priority": 1
  }
]